ID,Neighborhood,District,Population,Multiplier,Latitude,Longitude,Area,EV at P1,EV at P2,EV at P3,EV at P4,EV at P5,EV at P6
306,Anadolu,Arnavutköy,33177,%12.67967,41.1851685,28.7494522,1.5,7,126,961,3067,4928,6069
421,Yunus Emre,Arnavutköy,16085,%6.14741,41.1851922,28.7605273,1.1,3,61,466,1487,2389,2942
479,Boğazköy Atatürk,Arnavutköy,7726,%2.95274,41.184471,28.7412446,0.65,2,29,224,714,1148,1413
481,Arnavutköy İslambey,Arnavutköy,18832,%7.19726,41.184745,28.7411081,1.6,4,72,545,1741,2797,3445
539,Mustafa Kemal Paşa,Arnavutköy,12585,%4.80977,41.1868267,28.7358834,1.3,3,48,364,1163,1869,2302
582,Nenehatun,Arnavutköy,8344,%3.18893,41.2018343,28.7289861,1.2,2,32,242,771,1239,1526
585,Karlıbayır,Arnavutköy,8308,%3.17517,41.1817543,28.7149951,1.3,2,32,241,768,1234,1520
607,Arnavutköy Yavuzselim,Arnavutköy,11217,%4.28694,41.184471,28.7412446,2.1,2,43,325,1037,1666,2052
623,Mavigöl,Arnavutköy,7412,%2.83274,41.2042176,28.764377,1.6,1,28,215,685,1101,1356
643,Taşoluk,Arnavutköy,5816,%2.22277,41.1960582,28.7167959,1.6,1,22,168,538,864,1064
657,Hicret,Arnavutköy,3086,%1.17942,41.197665,28.7551223,0.98,1,12,89,285,458,565
663,Taşoluk Mehmet Akif Ersoy,Arnavutköy,6349,%2.42648,41.210753,28.7123431068948,2.1,1,24,184,587,943,1161
676,Arnavutköy Merkez,Arnavutköy,18695,%7.14490,41.1823968,28.7426319,6.7,4,71,541,1728,2777,3420
686,Durusu Zafer,Arnavutköy,792,%0.30269,41.184471,28.7412446,0.35,0,3,23,73,118,145
689,Hadımköy,Arnavutköy,21598,%8.25438,41.1585587,28.6212692,10.1,4,82,625,1997,3208,3951
694,Taşoluk M. Fevzi Çakmak,Arnavutköy,4611,%1.76224,41.210753,28.7123431068948,2.6,1,18,134,426,685,844
698,Taşoluk Adnan Menderes,Arnavutköy,3996,%1.52720,41.184471,28.7412446,2.3,1,15,116,369,594,731
707,Hastane,Arnavutköy,8205,%3.13581,41.153773,28.6194517,5.7,2,31,238,758,1219,1501
733,Taşoluk Fatih,Arnavutköy,2484,%0.94934,41.210753,28.7123431068948,2.5,1,9,72,230,369,454
737,Haraççı,Arnavutköy,8297,%3.17097,41.1763646,28.7024285,8.7,2,32,240,767,1232,1518
741,Deliklikaya,Arnavutköy,4857,%1.85626,41.1115232,28.6545292,5.7,1,18,141,449,721,889
748,Ömerli,Arnavutköy,6818,%2.60572,41.1161343,28.6380008,10.8,1,26,197,630,1013,1247
754,Bolluca Merkez,Arnavutköy,6984,%2.66916,41.184471,28.7412446,12.1,1,27,202,646,1037,1278
771,Boğazköy İstiklal,Arnavutköy,9925,%3.79316,41.1816651,28.7738364,29.4,2,38,287,917,1474,1816
774,Arnavutköy İmrahor,Arnavutköy,10052,%3.84170,41.2560325,28.7426028,33.2,2,38,291,929,1493,1839
791,Karaburun,Arnavutköy,1521,%0.58130,41.3458809,28.6820201,7.5,0,6,44,141,226,278
797,Tayakadın,Arnavutköy,5242,%2.00340,41.269504,28.689606,35.3,1,20,152,485,779,959
814,Taşoluk Çilingir,Arnavutköy,1072,%0.40970,41.184471,28.7412446,12,0,4,31,99,159,196
829,Sazlıbosna,Arnavutköy,1149,%0.43913,41.1557323,28.673678,17.1,0,4,33,106,171,210
832,Terkos,Arnavutköy,935,%0.35734,41.303644,28.6760707,15.1,0,4,27,86,139,171
844,Baklalı,Arnavutköy,825,%0.31530,41.258862,28.652605,17.6,0,3,24,76,123,151
848,Yeniköy,Arnavutköy,1397,%0.53391,41.3178498,28.7231106,31.5,0,5,40,129,207,256
853,Yeşilbayır,Arnavutköy,600,%0.22931,41.1302002,28.6085615,14.2,0,2,17,55,89,110
891,Boyalık,Arnavutköy,674,%0.25759,41.2634653,28.6293234,27.1,0,3,20,62,100,123
905,Hacımaşlı,Arnavutköy,551,%0.21058,41.155584,28.7145992,28.6,0,2,16,51,82,101
916,Dursunköy,Arnavutköy,464,%0.17733,41.2041032,28.6362006,26.4,0,2,13,43,69,85
930,Balaban,Arnavutköy,413,%0.15784,41.3098086,28.6137897,29.8,0,2,12,38,61,76
931,Yassıören,Arnavutköy,561,%0.21440,41.234817,28.595838,41.1,0,2,16,52,83,103
210,Aşıkveysel,Ataşehir,13225,%5.05437,41.0045725,29.091795,0.42,21,262,1350,3065,4133,5025
225,Fetih,Ataşehir,12218,%4.66951,41.0046423,29.0762052,0.42,20,242,1247,2832,3818,4642
229,Örnek,Ataşehir,27615,%10.55397,40.9956672,29.0784307,0.96,45,548,2819,6400,8629,10492
242,Esatpaşa,Ataşehir,26866,%10.26772,41.0049779,29.0828597,0.99,43,533,2743,6227,8395,10207
267,Mustafa Kemal,Ataşehir,15033,%5.74535,41.001533,29.0952356,0.6,24,298,1535,3484,4698,5711
278,Mevlana,Ataşehir,18832,%7.19726,40.9858884,29.1532413,0.8,30,374,1922,4365,5885,7155
285,İnönü,Ataşehir,28456,%10.87539,40.9772942,29.1385217,1.2,46,564,2905,6595,8892,10811
291,Kayışdağı,Ataşehir,41757,%15.95880,40.9836971,29.1431977,1.8,67,828,4263,9678,13048,15865
310,Mimarsinan,Ataşehir,10637,%4.06528,40.9929379,29.1135187,0.5,17,211,1086,2465,3324,4041
311,İçerenköy,Ataşehir,76344,%29.17735,40.9701086,29.1110569,3.6,123,1514,7794,17694,23856,29005
350,Yeniçamlıca,Ataşehir,14109,%5.39221,40.9929379,29.1135187,0.74,23,280,1440,3270,4409,5360
400,Yenisahra,Ataşehir,11428,%4.36758,40.9887283,29.0906789,0.71,18,227,1167,2649,3571,4342
402,Yenişehir,Ataşehir,13016,%4.97449,40.9939446,29.140645,0.82,21,258,1329,3017,4067,4945
457,Küçükbakkalköy,Ataşehir,29032,%11.09553,40.9803353,29.1130781,2.3,47,576,2964,6729,9072,11030
485,Atatürk,Ataşehir,30063,%11.48956,40.9908392,29.1265531,2.5,49,596,3069,6968,9394,11422
505,Barbaros,Ataşehir,32487,%12.41597,40.9902522,29.1035997,2.9,52,644,3316,7529,10152,12343
599,Ferhatpaşa,Ataşehir,22254,%8.50509,40.9860474,29.1803805,3.8,36,441,2272,5158,6954,8455
89,Mustafa Kemal Paşa,Avcılar,47027,%17.97290,41.0017915,28.7060425,0.93,25,413,2781,7949,11964,14638
171,Merkez,Avcılar,31820,%12.16105,40.9818362,28.7223189,0.86,17,279,1882,5378,8095,9905
179,Gümüşpala,Avcılar,41317,%15.79064,40.98106,28.7357032,1.1,22,363,2444,6984,10511,12861
241,Denizköşkler,Avcılar,45942,%17.55824,40.9764683,28.7330024,1.7,25,403,2717,7765,11688,14301
315,Ambarlı,Avcılar,38318,%14.64447,40.9737318,28.7141652,1.8,20,337,2266,6477,9748,11927
397,Cihangir,Avcılar,62149,%23.75227,40.9873293,28.7097252,3.8,33,546,3676,10505,15811,19346
434,Yeşilkent,Avcılar,71783,%27.43422,41.031415,28.7023797,5.1,38,630,4246,12133,18261,22344
568,Üniversite,Avcılar,21621,%8.26317,40.99205525,28.7229540545493,2.8,12,190,1279,3654,5500,6730
625,Tahtakale,Avcılar,53209,%20.33556,41.0585293,28.728009,11.4,28,467,3147,8994,13536,16563
695,Firuzköy,Avcılar,22496,%8.59758,41.0085033,28.7100714,12.5,12,198,1331,3802,5723,7002
5,Yenigün,Bağcılar,23112,%8.83301,41.0226361,28.8590918,0.57,15,223,1358,3553,5105,6227
28,Fatih,Bağcılar,45242,%17.29071,41.0518502,28.8450387,0.81,30,437,2658,6956,9994,12190
31,Yıldıztepe,Bağcılar,40160,%15.34846,41.0261986,28.8556979,1.1,26,387,2359,6174,8871,10821
32,Çınar,Bağcılar,36588,%13.98330,41.0368162,28.8605304,0.96,24,353,2149,5625,8082,9858
45,Kemalpaşa,Bağcılar,34581,%13.21626,41.0511389,28.8514469,0.7,23,334,2032,5317,7639,9318
55,Kâzım Karabekir,Bağcılar,28688,%10.96406,41.0256078,28.8455217,1.1,19,277,1685,4411,6337,7730
83,Demirkapı,Bağcılar,55446,%21.19050,41.0497862,28.8367479,0.53,36,535,3257,8524,12248,14939
90,Barbaros,Bağcılar,21929,%8.38088,41.0245293,28.8387167,2,14,212,1288,3371,4844,5909
93,İnönü,Bağcılar,24735,%9.45329,41.0328836,28.8541921,1.3,16,239,1453,3803,5464,6665
95,Sancaktepe,Bağcılar,19528,%7.46326,41.0366758,28.8571152,3.2,13,188,1147,3002,4314,5262
99,Fevzi Çakmak,Bağcılar,35448,%13.54761,41.0457899,28.8556182,4.4,23,342,2082,5450,7830,9551
117,Kirazlı,Bağcılar,43390,%16.58290,41.0318236,28.8422874,,28,419,2549,6671,9584,11691
122,Yenimahalle,Bağcılar,34907,%13.34085,41.0416128,28.8397196,0.23,23,337,2051,5367,7711,9405
124,Yavuzselim,Bağcılar,28833,%11.01947,41.0355961,28.8516841,0.19,19,278,1694,4433,6369,7769
136,Hürriyet,Bağcılar,25196,%9.62947,41.0278845,28.8308208,1.3,16,243,1480,3874,5566,6789
163,Güneşli,Bağcılar,46831,%17.89800,41.0330866,28.8305182,0.38,31,452,2751,7200,10345,12618
169,Yüzüncü Yıl,Bağcılar,49136,%18.77893,41.0603851,28.85286,0.29,32,474,2887,7554,10854,13239
215,Merkez,Bağcılar,26146,%9.99255,41.0323551,28.8633027,0.64,17,252,1536,4020,5775,7045
247,Evren,Bağcılar,50755,%19.39768,41.0378945,28.8195777,2.1,33,490,2982,7803,11211,13676
281,Göztepe,Bağcılar,37553,%14.35210,41.0605086,28.835553,1.8,25,362,2206,5774,8295,10118
491,Bağlar,Bağcılar,15683,%5.99377,41.0228866,28.8248289,0.69,10,151,921,2411,3464,4226
613,Mahmutbey,Bağcılar,24596,%9.40016,41.0551119,28.8306301,1.2,16,237,1445,3781,5433,6627
7,Hürriyet,Bahçelievler,47377,%18.10667,40.9941482,28.8411642,3,34,494,2973,7710,11028,13448
9,Siyavuşpaşa,Bahçelievler,65868,%25.17361,40.9988133,28.8541961,1.6,47,686,4134,10720,15332,18697
13,Zafer,Bahçelievler,85464,%32.66286,41.0007517,28.8375769,0.64,61,890,5364,13909,19893,24259
18,Soğanlı,Bahçelievler,71388,%27.28325,41.0109005,28.8555162,13.3,51,744,4480,11618,16617,20264
49,Cumhuriyet,Bahçelievler,41720,%15.94466,41.0171118,28.8529333,,30,435,2618,6790,9711,11842
77,Şirinevler,Bahçelievler,57641,%22.02939,40.9956523,28.8486348,0.84,41,601,3618,9381,13417,16362
94,Fevzi Çakmak,Bahçelievler,26191,%10.00975,41.0016533,28.8329435,0.23,19,273,1644,4262,6096,7434
173,Kocasinan,Bahçelievler,72738,%27.79920,41.0170357,28.8419751,0.81,52,758,4565,11838,16931,20647
250,Çobançeşme,Bahçelievler,33552,%12.82299,41.0043769,28.826637,1.5,24,350,2106,5460,7810,9524
340,Bahçelievler,Bahçelievler,61832,%23.63112,40.9954814,28.8633136,0.59,44,644,3881,10063,14393,17551
566,Yenibosna,Bahçelievler,34683,%13.25524,41.0134935,28.8251315,0.49,25,361,2177,5644,8073,9845
220,Yenimahalle,Bakırköy,6953,%2.65732,40.9795971,28.8795876,0.84,13,137,623,1276,1659,2012
230,Cevizlik,Bakırköy,5363,%2.04965,40.9785065,28.8755338,1.3,10,106,480,984,1280,1552
236,Kartaltepe,Bakırköy,37778,%14.43810,40.9852114,28.8759551,0.81,70,747,3384,6934,9014,10932
308,Sakızağacı,Bakırköy,8137,%3.10982,40.9777116,28.8792335,1.7,15,161,729,1493,1942,2355
358,Zeytinlik,Bakırköy,5376,%2.05461,40.9789622,28.8724028,,10,106,482,987,1283,1556
461,Ataköy 3-4-11. kısım,Bakırköy,8150,%3.11479,40.9812802,28.8594558,0.27,15,161,730,1496,1945,2358
482,Ataköy 7-8-9-10. kısım,Bakırköy,24444,%9.34207,40.9863878,28.8464657,0.66,45,483,2190,4486,5833,7074
494,Zuhuratbaba,Bakırköy,20966,%8.01284,40.9824138,28.8711297,0.6,39,415,1878,3848,5003,6067
497,Yeşilyurt,Bakırköy,7816,%2.98714,40.964175,28.8381027,0.55,14,155,700,1435,1865,2262
504,Ataköy 2-5-6. kısım,Bakırköy,13671,%5.22482,40.977617,28.8577878,0.57,25,270,1225,2509,3262,3956
530,Osmaniye,Bakırköy,24126,%9.22054,40.9938982,28.8795871,0.5,45,477,2161,4428,5757,6982
542,Şenlikköy,Bakırköy,28206,%10.77984,40.9811494,28.7951449,1.1,52,558,2526,5177,6730,8162
640,Basınköy,Bakırköy,5932,%2.26711,40.979703,28.780426,0.44,11,117,531,1089,1415,1717
679,Ataköy 1. kısım,Bakırköy,1667,%0.63710,40.9772983,28.8675799,0.5,3,33,149,306,398,482
696,Yeşilköy,Bakırköy,23785,%9.09021,40.9589829,28.8225574,0.4,44,470,2130,4366,5676,6883
511,Altınşehir,Başakşehir,14859,%5.67885,41.0689001,28.7529076,0.94,9,110,571,1309,1770,2153
541,Güvercintepe,Başakşehir,55783,%21.31929,41.0771522,28.7518808,0.78,33,412,2145,4912,6646,8082
573,Başakşehir,Başakşehir,58445,%22.33666,41.1060988,28.7907747,0.64,35,432,2247,5147,6963,8467
598,Başak,Başakşehir,70258,%26.85139,41.1034651,28.803761,0.58,42,520,2702,6187,8371,10179
608,Kayabaşı,Başakşehir,74815,%28.59299,41.1112184,28.7427125,1.2,44,553,2877,6588,8914,10839
624,Bahçeşehir 2. Kısım,Başakşehir,41437,%15.83650,41.0664773,28.6780738,1.3,25,306,1593,3649,4937,6003
666,Bahçeşehir 1. Kısım,Başakşehir,24548,%9.38182,41.0638399,28.6911793,0.86,15,182,944,2162,2925,3556
667,Şahintepe,Başakşehir,34138,%13.04695,41.0731284,28.7264938,1.9,20,252,1313,3006,4067,4946
708,Ziya Gökalp,Başakşehir,21113,%8.06902,41.0751841,28.7879081,1.6,13,156,812,1859,2515,3059
795,Şamlar,Başakşehir,1269,%0.48499,41.1249095,28.7390683,1.4,1,9,49,112,151,184
78,Kartaltepe,Bayrampaşa,44460,%16.99184,41.054732,28.9034132,,33,490,3016,7972,11512,14045
129,Vatan,Bayrampaşa,10015,%3.82756,41.0344293,28.9070683,1.4,7,110,679,1796,2593,3164
140,Muratpaşa,Bayrampaşa,33908,%12.95905,41.0473011,28.9062926,5.9,25,373,2300,6080,8780,10712
181,Yıldırım,Bayrampaşa,53027,%20.26600,41.0637573,28.8914625,8.1,39,584,3597,9508,13730,16752
202,Cevatpaşa,Bayrampaşa,19093,%7.29701,41.070013,28.8848582,12,14,210,1295,3423,4944,6032
206,Terazidere,Bayrampaşa,15723,%6.00906,41.0327472,28.9014113,13.8,12,173,1067,2819,4071,4967
231,İsmetpaşa,Bayrampaşa,14605,%5.58178,41.0416528,28.9066208,8.7,11,161,991,2619,3782,4614
295,Yenidoğan,Bayrampaşa,18696,%7.14529,41.0372934,28.9122554,8.3,14,206,1268,3352,4841,5906
297,Altıntepsi,Bayrampaşa,28293,%10.81309,41.0388737,28.9015865,11.6,21,312,1919,5073,7326,8938
362,Orta,Bayrampaşa,14929,%5.70560,41.0333118,28.9125943,14.6,11,164,1013,2677,3865,4716
470,Kocatepe,Bayrampaşa,21448,%8.19705,41.0484385,28.8955023,7.1,16,236,1455,3846,5553,6776
42,Muradiye,Beşiktaş,5048,%1.92926,41.0480949,28.9989975,1.6,13,106,396,699,875,1054
130,Türkali,Beşiktaş,10346,%3.95406,41.047674,29.0023049,0.89,26,218,811,1432,1793,2160
174,Abbasağa,Beşiktaş,5288,%2.02098,41.0495742,29.0051707,0.5,13,112,415,732,917,1104
248,Dikilitaş,Beşiktaş,16893,%6.45621,41.0554313,29.0048495,0.94,42,356,1324,2338,2928,3527
273,Gayrettepe,Beşiktaş,14530,%5.55311,41.0622256,29.0061911,0.83,36,307,1139,2011,2518,3034
300,Mecidiye,Beşiktaş,10766,%4.11458,41.0520844,29.0203549,2,27,227,844,1490,1866,2248
425,Sinanpaşa,Beşiktaş,2534,%0.96845,41.0428133,29.0048711,2.3,6,53,199,351,439,529
431,Ulus,Beşiktaş,7159,%2.73605,41.0646636,29.0270709,2.4,18,151,561,991,1241,1495
438,Cihannüma,Beşiktaş,3898,%1.48975,41.0470226,29.0080617,0.56,10,82,306,539,676,814
476,Nisbetiye,Beşiktaş,12435,%4.75244,41.0718257,29.0222477,2.5,31,262,975,1721,2155,2596
523,Akatlar,Beşiktaş,15624,%5.97122,41.08686495,29.0235417246378,1,39,330,1225,2162,2708,3262
527,Vişnezade,Beşiktaş,6758,%2.58279,41.0416345,28.9982257,4,17,143,530,935,1171,1411
532,Ortaköy,Beşiktaş,9556,%3.65214,41.0546272,29.0281901,0.73,24,202,749,1322,1656,1995
533,Etiler,Beşiktaş,12023,%4.59498,41.0840093,29.0366077,2.6,30,254,943,1664,2084,2510
551,Arnavutköy,Beşiktaş,3933,%1.50312,41.0683942,29.0411538,1.3,10,83,308,544,682,821
558,Levazım,Beşiktaş,6142,%2.34737,41.0627178,29.0194489,0.99,15,130,482,850,1065,1282
581,Kültür,Beşiktaş,4925,%1.88225,41.0728647,29.032359,3.4,12,104,386,682,854,1028
593,Balmumcu,Beşiktaş,3889,%1.48631,41.0590382,29.0147694,3.6,10,82,305,538,674,812
597,Konaklar,Beşiktaş,15350,%5.86650,41.0949484,29.0152313,5.4,38,324,1203,2124,2661,3205
604,Yıldız,Beşiktaş,6232,%2.38176,41.0479707,29.0145236,4.1,15,131,489,862,1080,1301
621,Bebek,Beşiktaş,5891,%2.25144,41.0790159,29.0439589,3.6,15,124,462,815,1021,1230
650,Kuruçeşme,Beşiktaş,3082,%1.17789,41.0623719,29.03454,3.7,8,65,242,427,534,644
665,Levent,Beşiktaş,3145,%1.20196,41.0815723,29.0169502,4.8,8,66,247,435,545,657
439,Kavacık,Beykoz,22371,%8.54981,41.0930051,29.0861909,3.3,19,311,2066,5836,8726,10672
451,Çiğdem,Beykoz,11619,%4.44058,41.1103916,29.0996225,4.6,10,162,1073,3031,4532,5543
455,Çamlıbahçe,Beykoz,6405,%2.44788,41.1486212,29.0831591,5.2,6,89,592,1671,2498,3055
483,Soğuksu,Beykoz,11133,%4.25484,41.1132417,29.1075374,13.5,10,155,1028,2904,4343,5311
536,Ortaçeşme,Beykoz,8065,%3.08230,41.1454717,29.0873267,3.5,7,112,745,2104,3146,3847
546,İncirköy,Beykoz,18130,%6.92897,41.1186424,29.1000211,11.8,16,252,1675,4729,7072,8649
548,Çubuklu,Beykoz,21051,%8.04533,41.105633,29.08403,10.6,18,293,1945,5491,8211,10042
563,Yenimahalle,Beykoz,19458,%7.43651,41.06711325,29.0880133515378,8.6,17,270,1797,5076,7590,9282
579,Paşabahçe,Beykoz,3894,%1.48822,41.1158743,29.0954233,16.1,3,54,360,1016,1519,1858
600,Gümüşsuyu,Beykoz,14232,%5.43922,41.1274751,29.1019054,5.7,12,198,1315,3713,5551,6789
609,Yalıköy,Beykoz,5471,%2.09092,41.1376015,29.0859262,8.6,5,76,505,1427,2134,2610
636,Tokatköy,Beykoz,15449,%5.90434,41.1512733,29.0902937,12.4,13,215,1427,4030,6026,7370
637,Göksu,Beykoz,2830,%1.08158,41.0788847,29.0735518,22.5,2,39,261,738,1104,1350
639,Göztepe,Beykoz,10016,%3.82794,41.081094,29.0800249,12.1,9,139,925,2613,3907,4778
655,Kanlıca,Beykoz,4242,%1.62122,41.0997201,29.0660785,11.2,4,59,392,1107,1655,2024
677,Anadoluhisarı,Beykoz,2644,%1.01049,41.08212885,29.0670471152512,10.6,2,37,244,690,1031,1261
683,Rüzgarlıbahçe,Beykoz,8011,%3.06167,41.0951633,29.0989642,17,7,111,740,2090,3125,3822
703,Merkez,Beykoz,6064,%2.31756,41.1344539,29.0926456,16.4,5,84,560,1582,2365,2893
711,Acarlar,Beykoz,7319,%2.79719,41.1124198,29.1268607,14.3,6,102,676,1909,2855,3491
713,Çiftlik,Beykoz,5358,%2.04773,41.0805835,29.1402268,14.7,5,74,495,1398,2090,2556
720,Fatih,Beykoz,4342,%1.65944,41.0903014,29.1239233,29.4,4,60,401,1133,1694,2071
728,Örnekköy,Beykoz,3982,%1.52185,41.1424229,29.1459882,,3,55,368,1039,1553,1900
731,Çengeldere,Beykoz,5005,%1.91282,41.0950772,29.1461826,0.96,4,70,462,1306,1952,2388
746,Elmalı,Beykoz,2989,%1.14234,41.1368318,29.1324278,2.6,3,42,276,780,1166,1426
750,Görele,Beykoz,2020,%0.77201,41.1154704,29.1476182,4.6,2,28,187,527,788,964
751,Akbaba,Beykoz,2726,%1.04183,41.1504431,29.1154018,1.2,2,38,252,711,1063,1300
766,Anadolukavağı,Beykoz,2104,%0.80411,41.17391,29.0886888,2.5,2,29,194,549,821,1004
768,Yavuz Selim,Beykoz,5072,%1.93843,41.0810813,29.1566828,7.3,4,71,469,1323,1978,2420
778,Zerzavatçı,Beykoz,980,%0.37454,41.1273125,29.1591177,5.3,1,14,91,256,382,467
780,Baklacı,Beykoz,3062,%1.17024,41.062799,29.1602813,5.5,3,43,283,799,1194,1461
794,Cumhuriyet,Beykoz,1966,%0.75137,41.1290646,29.2607444,1.5,2,27,182,513,767,938
796,Dereseki,Beykoz,1513,%0.57824,41.1519802,29.1298336,6.6,1,21,140,395,590,722
804,Mahmutşevketpaşa,Beykoz,1808,%0.69099,41.1521358,29.1889169,,2,25,167,472,705,862
805,Kaynarca,Beykoz,627,%0.23963,41.1801623,29.159345,0.14,1,9,58,164,245,299
808,Poyrazköy,Beykoz,923,%0.35275,41.2062962,29.1334292,0.049,1,13,85,241,360,440
809,İshaklı,Beykoz,1283,%0.49034,41.1396911,29.3027862,0.11,1,18,119,335,500,612
811,Riva,Beykoz,2237,%0.85494,41.2243486,29.2183153,0.053,2,31,207,584,873,1067
817,Paşamandıra,Beykoz,1055,%0.40320,41.1842575,29.2500105,0.41,1,15,97,275,412,503
827,Alibahadır,Beykoz,764,%0.29199,41.1796835,29.2030899,0.49,1,11,71,199,298,364
846,Öğümce,Beykoz,477,%0.18230,41.1632847,29.2667068,0.33,0,7,44,124,186,228
849,Anadolufeneri,Beykoz,750,%0.28664,41.2167549,29.1533999,0.2,1,10,69,196,293,358
868,Kılıçlı,Beykoz,545,%0.20829,41.1529478,29.2997991,0.34,0,8,50,142,213,260
869,Bozhane,Beykoz,475,%0.18154,41.1642867,29.2724593,0.086,0,7,44,124,185,227
924,Göllü,Beykoz,243,%0.09287,41.1752914,29.271656,0.11,0,3,22,63,95,116
937,Polonezköy,Beykoz,377,%0.14408,41.1100356,29.2118111,0.094,0,5,35,98,147,180
304,Büyükşehir,Beylikdüzü,20795,%7.94749,41.0088557,28.647306,0.062,10,138,825,2117,3014,3674
323,Barış,Beylikdüzü,51900,%19.83528,40.9989064,28.6522529,0.1,24,346,2058,5284,7522,9170
356,Adnan Kahveci,Beylikdüzü,86584,%33.09090,40.9950801,28.6256531,0.38,40,577,3434,8816,12548,15298
369,Cumhuriyet,Beylikdüzü,21674,%8.28343,41.0098335,28.6412468,0.4,10,144,860,2207,3141,3830
567,Gürpınar,Beylikdüzü,19557,%7.47435,40.9898645,28.6110486,0.5,9,130,776,1991,2834,3455
594,Yakuplu,Beylikdüzü,43962,%16.80151,40.990113,28.6700436,0.11,20,293,1743,4476,6371,7768
612,Kavaklı,Beylikdüzü,27566,%10.53525,40.9819486,28.6403256,0.093,13,184,1093,2807,3995,4871
622,Marmara,Beylikdüzü,26537,%10.14198,40.9818388,28.6718702,0.54,12,177,1052,2702,3846,4689
670,Sahil,Beylikdüzü,4443,%1.69804,40.9706957,28.6486713728992,0.14,2,30,176,452,644,785
697,Dereağzı,Beylikdüzü,11644,%4.45013,40.986396,28.6166853,0.68,5,78,462,1186,1688,2057
20,Kadı Mehmet Efendi,Beyoğlu,10172,%3.88756,41.0344208,28.9639158,0.11,13,167,877,2027,2752,3347
35,Kalyoncukulluğu,Beyoğlu,3108,%1.18782,41.0284233,28.9736808,0.096,4,51,268,619,841,1023
67,Yenişehir,Beyoğlu,5823,%2.22545,41.0422931,28.9781545,0.092,8,96,502,1160,1575,1916
82,Çukur,Beyoğlu,2735,%1.04527,41.0371981,28.9780949,0.11,4,45,236,545,740,900
98,Kaptanpaşa,Beyoğlu,19818,%7.57410,41.0422767,28.963838,0.065,26,325,1709,3949,5361,6521
103,Piyalepaşa,Beyoğlu,23469,%8.96944,41.0482626,28.9622478,0.17,31,385,2024,4676,6349,7722
105,Fetihtepe,Beyoğlu,15490,%5.92001,41.0482932,28.9568753,0.24,20,254,1336,3086,4190,5097
115,Küçükpiyale,Beyoğlu,9312,%3.55888,41.0284233,28.9736808,0.083,12,153,803,1855,2519,3064
119,Hacıahmet,Beyoğlu,15383,%5.87912,41.042188,28.9739405,0.086,20,253,1327,3065,4162,5061
133,Yahya Kahya,Beyoğlu,3733,%1.42669,41.0339473,28.9715307,0.24,5,61,322,744,1010,1228
142,Sururi,Beyoğlu,4388,%1.67702,41.0368412,28.9723566,0.072,6,72,378,874,1187,1444
144,Bülbül,Beyoğlu,3883,%1.48402,41.0391626,28.9798827,0.42,5,64,335,774,1050,1278
145,Kulaksız,Beyoğlu,9706,%3.70946,41.0376925,28.9607963,0.34,13,159,837,1934,2626,3194
151,Bostan,Beyoğlu,2468,%0.94323,41.0387892,28.9762524,0.064,3,41,213,492,668,812
153,Firuzağa,Beyoğlu,4046,%1.54631,41.030196,28.9806703,0.073,5,66,349,806,1095,1331
168,Keçecipiri,Beyoğlu,14386,%5.49808,41.0284233,28.9736808,0.086,19,236,1241,2867,3892,4733
195,Halıcıoğlu,Beyoğlu,13274,%5.07309,41.0488286,28.9496751,0.064,17,218,1145,2645,3591,4367
209,Piripaşa,Beyoğlu,15706,%6.00256,41.0284233,28.9736808,0.24,20,258,1355,3130,4249,5168
213,Cihangir,Beyoğlu,3482,%1.33076,41.0330402,28.9853187,0.062,5,57,300,694,942,1146
246,Çatmamescit,Beyoğlu,2504,%0.95699,41.0284233,28.9736808,0.14,3,41,216,499,677,824
337,Örnektepe,Beyoğlu,10556,%4.03432,41.0576074,28.9514562,0.16,14,173,911,2103,2856,3473
354,Tomtom,Beyoğlu,2657,%1.01546,41.0302066,28.9775437,,3,44,229,529,719,874
361,Sütlüce,Beyoğlu,12474,%4.76735,41.0510201,28.944692,0.081,16,205,1076,2486,3375,4104
377,İstiklal,Beyoğlu,4481,%1.71256,41.0416191,28.9692374,0.24,6,74,387,893,1212,1474
381,Pürtelaş,Beyoğlu,1872,%0.71545,41.0306987,28.9876883420653,0.14,2,31,161,373,506,616
410,Şehit Muhtar,Beyoğlu,1493,%0.57060,41.0367537,28.9818695,0.64,2,25,129,297,404,491
424,Hacımimi,Beyoğlu,1368,%0.52283,41.0268054,28.9782783,0.6,2,22,118,273,370,450
442,Kuloğlu,Beyoğlu,1463,%0.55913,41.0329638,28.9802501,0.49,2,24,126,292,396,481
444,Kamerhatun,Beyoğlu,886,%0.33861,41.0284233,28.9736808,0.17,1,15,76,177,240,292
467,Kocatepe,Beyoğlu,2136,%0.81634,41.0395972,28.9835719,0.5,3,35,184,426,578,703
525,Kılıçalipaşa,Beyoğlu,2476,%0.94628,41.0284233,28.9736808,0.28,3,41,214,493,670,815
529,Şahkulu,Beyoğlu,840,%0.32103,41.0276403,28.9745318,1,1,14,72,167,227,276
538,Katip Mustafa Çelebi,Beyoğlu,834,%0.31874,41.0344829,28.9830132,1.5,1,14,72,166,226,274
549,Ömeravni,Beyoğlu,2092,%0.79953,41.0284233,28.9736808,0.66,3,34,180,417,566,688
575,Müeyyetzade,Beyoğlu,518,%0.19797,41.0263377,28.9747764,0.97,1,9,45,103,140,170
583,Camiikebir,Beyoğlu,2854,%1.09075,41.0349693,28.9593139,1.2,4,47,246,569,772,939
589,Gümüşsuyu,Beyoğlu,2109,%0.80602,41.037184,28.9885081,0.45,3,35,182,420,571,694
601,Hüseyinağa,Beyoğlu,368,%0.14064,41.0349849,28.9784671,0.76,0,6,32,73,100,121
606,Bereketzade,Beyoğlu,405,%0.15478,41.0253357,28.9733181,0.72,1,7,35,81,110,133
610,Asmalımescit,Beyoğlu,463,%0.17695,41.0284233,28.9736808,0.65,1,8,40,92,125,152
629,Evliya Çelebi,Beyoğlu,283,%0.10816,41.0303999,28.9731508,2.6,0,5,24,56,77,93
661,Bedrettin,Beyoğlu,752,%0.28740,41.0289452,28.9688617,1.1,1,12,65,150,203,247
693,Emekyemez,Beyoğlu,121,%0.04624,41.0260034,28.9703855,1.2,0,2,10,24,33,40
739,Kemankeş Kara Mustafa Paşa,Beyoğlu,128,%0.04892,41.0284233,28.9736808,0.9,0,2,11,26,35,42
752,Arapcami,Beyoğlu,91.0,%0.03478,41.0284233,28.9736808,1.1,0,1,8,18,25,30
418,Atatürk,Büyükçekmece,18711,%7.15102,41.0122636,28.6004016,1.2,11,177,1149,3182,4708,5753
446,Mimaroba,Büyükçekmece,18376,%7.02299,41.0045868,28.5372886,1.4,11,174,1129,3125,4624,5650
480,Dizdariye,Büyükçekmece,6987,%2.67031,41.0206023,28.5784482,0.58,4,66,429,1188,1758,2148
534,Fatih,Büyükçekmece,19379,%7.40632,41.0208293,28.586099,2,12,183,1190,3296,4876,5959
537,Ekinoba,Büyükçekmece,12040,%4.60148,41.0101834,28.542241,1.2,7,114,739,2048,3030,3702
543,Sinanoba,Büyükçekmece,14778,%5.64790,40.9970063,28.5365245,1.6,9,140,908,2513,3718,4544
586,Muratçeşme,Büyükçekmece,15632,%5.97428,41.021654,28.579757,2.4,9,148,960,2659,3933,4807
619,Pınartepe,Büyükçekmece,18425,%7.04172,41.003226,28.6018529,3.7,11,174,1132,3134,4636,5665
647,Mimarsinan,Büyükçekmece,8814,%3.36856,41.0160925,28.5604373,2.5,5,83,541,1499,2218,2710
651,Ulus,Büyükçekmece,15732,%6.01250,41.0305283,28.5494574,4.7,9,149,966,2676,3959,4837
656,Cumhuriyet,Büyükçekmece,7553,%2.88663,41.0183305,28.6201513,2.4,5,71,464,1285,1901,2322
664,Hürriyet,Büyükçekmece,20603,%7.87411,41.0315845,28.5474609,6.9,12,195,1265,3504,5184,6335
700,Kumburgaz Merkez,Büyükçekmece,6850,%2.61795,41.0585379,28.4718935,4,4,65,421,1165,1724,2106
717,Yenimahalle,Büyükçekmece,1986,%0.75901,41.0220765,28.474104,1.6,1,19,122,338,500,611
723,Türkoba,Büyükçekmece,13189,%5.04061,41.0342715,28.5232446,11.5,8,125,810,2243,3319,4055
724,Güzelce,Büyükçekmece,6836,%2.61260,40.999476,28.5120854,6,4,65,420,1163,1720,2102
726,19 Mayıs,Büyükçekmece,8337,%3.18626,41.0224834,28.5818267,7.5,5,79,512,1418,2098,2563
738,Çakmaklı,Büyükçekmece,5137,%1.96327,41.0540727,28.6222488,5.5,3,49,316,874,1293,1580
745,Alkent,Büyükçekmece,4635,%1.77142,41.0771599,28.6194181,6.5,3,44,285,788,1166,1425
758,Kamiloba,Büyükçekmece,6800,%2.59884,41.0461249,28.4321197,14.1,4,64,418,1157,1711,2091
759,Bahçelievler,Büyükçekmece,3428,%1.31012,41.0181451,28.4843571,7.2,2,32,211,583,863,1054
762,Celaliye,Büyükçekmece,5484,%2.09589,41.0517357,28.4184843,13.4,3,52,337,933,1380,1686
765,Ahmediye,Büyükçekmece,1233,%0.47123,41.0908328,28.5168102,3,1,12,76,210,310,379
815,Karaağaç,Büyükçekmece,2529,%0.96654,41.1086525,28.5908071,28.3,2,24,155,430,636,778
743,Ferhatpaşa,Çatalca,21572,%8.24444,41.141659,28.4630541,0.51,11,207,1579,5050,8121,10004
773,Kaleiçi,Çatalca,7503,%2.86752,41.1445195,28.4582207,0.5,4,72,549,1756,2825,3480
786,Kestanelik,Çatalca,2286,%0.87367,41.235188,28.495035,0.42,1,22,167,535,861,1060
789,Çanakça,Çatalca,2598,%0.99291,41.245892,28.49407,0.21,1,25,190,608,978,1205
792,Gökçeali,Çatalca,1812,%0.69251,41.2011203,28.4435209,0.59,1,17,133,424,682,840
793,Oklalı,Çatalca,1345,%0.51404,41.224525,28.475758,0.17,1,13,98,315,506,624
803,Çakıl,Çatalca,2491,%0.95202,41.1247706,28.4485283,0.44,1,24,182,583,938,1155
820,Subaşı,Çatalca,1444,%0.55187,41.2267723,28.458469,0.24,1,14,106,338,544,670
821,Kabakça,Çatalca,1624,%0.62066,41.2284603,28.3695911,0.49,1,16,119,380,611,753
822,Muratbey Merkez,Çatalca,1409,%0.53850,41.0957829,28.493608,0.62,1,14,103,330,530,653
823,Çiftlikköy,Çatalca,1872,%0.71545,41.340626,28.407293,0.61,1,18,137,438,705,868
831,Akalan,Çatalca,1085,%0.41467,41.257679,28.419617,0.72,1,10,79,254,408,503
834,Ovayenice,Çatalca,1172,%0.44792,41.100868,28.419697,0.76,1,11,86,274,441,544
841,İhsaniye,Çatalca,1641,%0.62716,41.2544762,28.3585871,2.7,1,16,120,384,618,761
847,İzettin,Çatalca,1017,%0.38868,41.1436804,28.4605154,0.24,1,10,74,238,383,472
850,Örcünlü,Çatalca,561,%0.21440,41.223648,28.523932,1.2,0,5,41,131,211,260
854,Hisarbeyli,Çatalca,369,%0.14103,41.368565,28.474049,,0,4,27,86,139,171
857,Bahşayiş,Çatalca,367,%0.14026,41.1112665,28.5407916,0.38,0,4,27,86,138,170
859,Karacaköy,Çatalca,2490,%0.95163,41.4022498,28.3816684,0.35,1,24,182,583,937,1155
861,Gümüşpınar,Çatalca,851,%0.32524,41.314438,28.285694,0.61,0,8,62,199,320,395
862,Elbasan,Çatalca,563,%0.21517,41.139164,28.415209,0.45,0,5,41,132,212,261
863,Hallaçlı,Çatalca,1213,%0.46359,41.3204276,28.1000039,0.28,1,12,89,284,457,563
865,Örencik,Çatalca,790,%0.30192,41.329559,28.482586,0.47,0,8,58,185,297,366
870,Ormanlı,Çatalca,1051,%0.40167,41.392712,28.453407,0.53,1,10,77,246,396,487
871,Dağyenice,Çatalca,713,%0.27250,41.273354,28.482552,0.68,0,7,52,167,268,331
873,Atatürk,Çatalca,1127,%0.43072,41.4121535,28.1851826,0.54,1,11,82,264,424,523
874,Başak,Çatalca,386,%0.14752,41.332951,28.445322,0.34,0,4,28,90,145,179
875,İnceğiz,Çatalca,772,%0.29505,41.1859009,28.4035095,0.49,0,7,57,181,291,358
877,Kalfa,Çatalca,776,%0.29657,41.289814,28.437193,0.55,0,7,57,182,292,360
895,Aydınlar,Çatalca,829,%0.31683,41.3750651,28.2055315,0.48,0,8,61,194,312,384
904,Yazlık,Çatalca,356,%0.13606,41.293289,28.518435,0.61,0,3,26,83,134,165
907,Karamandere,Çatalca,553,%0.21135,41.376106,28.3065,0.54,0,5,40,129,208,256
910,Kızılcaali,Çatalca,220,%0.08408,41.2362303,28.5594042,0.53,0,2,16,51,83,102
914,Yalıköy,Çatalca,1469,%0.56143,41.477085,28.296103,0.45,1,14,108,344,553,681
917,Nakkaş,Çatalca,818,%0.31263,41.1872859,28.5561065,0.35,0,8,60,191,308,379
935,Belgrat,Çatalca,358,%0.13682,41.3784267,28.3840477,0.44,0,3,26,84,135,166
939,Celepköy,Çatalca,239,%0.09134,41.3654071,28.4997591,0.48,0,2,17,56,90,111
940,Yaylacık,Çatalca,58.0,%0.02217,41.3571169,28.2198949,0.56,0,1,4,14,22,27
950,Fatih,Çatalca,1257,%0.48040,41.4136692,28.1882968,0.49,1,12,92,294,473,583
91,Çamlık,Çekmeköy,20672,%7.90048,41.0172216,29.193114,0.54,4,75,521,1526,2327,2851
175,Mehmet Akif,Çekmeköy,31401,%12.00092,41.0208017,29.1857684,1.1,7,114,792,2317,3535,4330
208,Hamidiye,Çekmeköy,29311,%11.20216,41.0268635,29.1885101,0.56,6,107,739,2163,3300,4042
244,Cumhuriyet,Çekmeköy,12709,%4.85716,41.0227969,29.2244591,1.1,3,46,320,938,1431,1753
259,Aydınlar,Çekmeköy,16681,%6.37519,41.0173692,29.2304405,0.84,4,61,421,1231,1878,2300
320,Güngören,Çekmeköy,8228,%3.14460,41.0268708,29.2201494,0.59,2,30,207,607,926,1135
334,Mimar Sinan,Çekmeköy,24057,%9.19417,41.032758,29.1750966,0.96,5,88,607,1775,2708,3317
371,Sultançiftliği,Çekmeköy,15472,%5.91313,41.0331471,29.2236464,0.87,3,56,390,1142,1742,2134
453,Soğukpınar,Çekmeköy,7939,%3.03415,41.0246995,29.2340241,0.77,2,29,200,586,894,1095
456,Kirazlıdere,Çekmeköy,8925,%3.41098,41.0197528,29.2160814,0.78,2,33,225,659,1005,1231
468,Taşdelen,Çekmeköy,7411,%2.83236,41.031185,29.2311306,0.72,2,27,187,547,834,1022
602,Ekşioğlu,Çekmeköy,7110,%2.71732,41.0301325,29.2394911,2.6,2,26,179,525,800,980
626,Alemdağ,Çekmeköy,6527,%2.49451,41.0496927,29.237004,1.6,1,24,165,482,735,900
668,Merkez,Çekmeköy,24594,%9.39940,41.0369088,29.1771094,3.7,5,90,620,1815,2769,3391
682,Nişantepe,Çekmeköy,10236,%3.91202,41.0408946,29.2656098,1.2,2,37,258,755,1152,1411
706,Çatalmeşe,Çekmeköy,8360,%3.19505,41.0501563,29.2438632,1.6,2,30,211,617,941,1153
801,Koçullu,Çekmeköy,1365,%0.52168,41.077195,29.3483633,1.2,0,5,34,101,154,188
807,Reşadiye,Çekmeköy,2132,%0.81481,41.0784643,29.2549655,1.4,0,8,54,157,240,294
812,Sırapınar,Çekmeköy,885,%0.33823,41.1017648,29.3281738,6.2,0,3,22,65,100,122
816,Ömerli,Çekmeköy,4073,%1.55663,41.0770043,29.3303927,3.7,1,15,103,301,459,562
833,Hüseyinli,Çekmeköy,771,%0.29466,41.122304,29.2927641,,0,3,19,57,87,106
2,Fatih,Esenler,45797,%17.50282,41.043386,28.8674705,0.43,16,266,1868,5531,8495,10413
4,Nenehatun,Esenler,43328,%16.55921,41.0370239,28.8802419,0.48,15,252,1767,5233,8037,9851
6,Kâzım Karabekir,Esenler,35790,%13.67832,41.0464076,28.8731584,0.3,12,208,1459,4322,6639,8138
10,Davutpaşa,Esenler,16727,%6.39277,41.0317026,28.8906911,1.3,6,97,682,2020,3103,3803
11,Turgutreis,Esenler,46953,%17.94462,41.0376175,28.8824519,1.4,16,273,1915,5671,8710,10676
15,Mimarsinan,Esenler,13092,%5.00354,41.0376175,28.8824519,0.54,4,76,534,1581,2429,2977
17,Menderes,Esenler,32987,%12.60706,41.0395441,28.8804397,1,11,192,1345,3984,6119,7500
24,Namık Kemal,Esenler,16334,%6.24257,41.0311027,28.8955728,0.51,6,95,666,1973,3030,3714
26,Fevzi Çakmak,Esenler,33610,%12.84516,41.0387523,28.883188,0.66,11,195,1371,4059,6235,7642
68,Havaalanı,Esenler,34313,%13.11383,41.0563871,28.8694017,1.1,12,200,1399,4144,6365,7802
112,Birlik,Esenler,28455,%10.87501,41.0516003,28.8715638,0.44,10,165,1160,3437,5278,6470
116,Tuna,Esenler,33398,%12.76414,41.0529878,28.8588572,0.74,11,194,1362,4034,6195,7594
228,Kemer,Esenler,22007,%8.41069,41.0526257,28.876571,0.88,7,128,897,2658,4082,5004
395,Oruçreis,Esenler,45372,%17.34039,41.058995,28.8572785,0.92,15,264,1850,5480,8416,10316
404,Yavuz Selim,Esenler,3839,%1.46720,41.0352866,28.8925614,0.94,1,22,157,464,712,873
688,Çiftehavuzlar,Esenler,2567,%0.98106,41.0266695,28.8960455,9.5,1,15,105,310,476,584
30,İncirtepe,Esenyurt,25506,%9.74795,41.0206769,28.6909976,29.2,12,180,1075,2769,3948,4813
38,Saadetdere,Esenyurt,21850,%8.35069,41.0081748,28.6976834,16.5,11,154,921,2372,3382,4123
52,Mehterçeşme,Esenyurt,36090,%13.79297,41.0185614,28.6628747,26.8,18,255,1522,3919,5586,6810
56,Üçevler,Esenyurt,25490,%9.74184,41.0266491,28.6801351,47.1,12,180,1075,2768,3945,4810
63,Şehitler,Esenyurt,15915,%6.08244,41.0332974,28.6550502,27.5,8,112,671,1728,2463,3003
66,Talatpasa,Esenyurt,26077,%9.96618,41.0229955,28.6721151,10.8,13,184,1099,2831,4036,4921
71,Süleymaniye,Esenyurt,28839,%11.02177,41.0439199,28.6810152,15.7,14,203,1216,3131,4464,5442
72,Pınar,Esenyurt,36477,%13.94088,41.0335095,28.6655807,5,18,257,1538,3961,5646,6883
80,Çınar,Esenyurt,28093,%10.73666,41.0411611,28.6642095,8.3,14,198,1184,3050,4348,5301
87,Necip Fazıl Kısakürek,Esenyurt,17161,%6.55864,41.0309904,28.6527815,18.4,8,121,724,1863,2656,3238
92,İnönü,Esenyurt,24472,%9.35277,41.0270909,28.6866366,,12,173,1032,2657,3788,4618
97,Balıkyolu,Esenyurt,26828,%10.25320,41.0396612,28.6904284,0.23,13,189,1131,2913,4152,5063
101,Mehmet Akif Ersoy,Esenyurt,22844,%8.73058,41.0138079,28.6667966,0.47,11,161,963,2480,3536,4311
107,Bağlarçeşme,Esenyurt,28514,%10.89756,41.0350405,28.6760001,0.43,14,201,1202,3096,4413,5381
108,Fatih,Esenyurt,25282,%9.66234,41.0298974,28.6746475,0.44,12,178,1066,2745,3913,4771
110,Hürriyet,Esenyurt,24769,%9.46628,41.031599,28.6466704,0.31,12,175,1044,2689,3834,4674
113,Yenikent,Esenyurt,20962,%8.01131,41.0368086,28.6808544,0.32,10,148,884,2276,3244,3956
147,Cumhuriyet,Esenyurt,14369,%5.49158,41.0169451,28.6489243,0.35,7,101,606,1560,2224,2712
148,İstiklal,Esenyurt,18108,%6.92056,41.0370676,28.6490868,0.36,9,128,763,1966,2803,3417
159,Örnek,Esenyurt,18499,%7.07000,41.0447965,28.6703501,0.46,9,131,780,2009,2863,3491
160,Namik Kemal,Esenyurt,21366,%8.16571,41.009735,28.692851721415,0.31,10,151,901,2320,3307,4032
164,Yunus Emre,Esenyurt,18739,%7.16172,41.0285572,28.693938,0.5,9,132,790,2035,2900,3536
170,Turgut Özal,Esenyurt,24050,%9.19149,41.0046495,28.6938819,0.47,12,170,1014,2611,3722,4538
205,Sultaniye,Esenyurt,17294,%6.60947,41.03369,28.6827178,0.45,8,122,729,1878,2677,3264
233,Yeşilkent,Esenyurt,31751,%12.13468,41.0265322,28.6637265,0.42,15,224,1339,3448,4914,5992
238,Battalgazi,Esenyurt,15621,%5.97008,41.0394344,28.6562357,0.29,8,110,659,1696,2418,2948
342,Barbaros Hayrettin Paşa,Esenyurt,21017,%8.03233,41.0182515,28.6414475,0.31,10,148,886,2282,3253,3966
353,Aşık Veysel,Esenyurt,15953,%6.09696,41.0585357,28.6738904,0.41,8,113,673,1732,2469,3010
380,Akevler,Esenyurt,10294,%3.93419,41.0191199,28.67678,0.21,5,73,434,1118,1593,1943
406,Güzelyurt (Haramidere),Esenyurt,15146,%5.78854,41.0342862,28.6801113,0.36,7,107,639,1645,2344,2858
408,Mevlana,Esenyurt,13636,%5.21144,41.0124992,28.6567189,0.28,7,96,575,1481,2111,2573
422,Piri Reis,Esenyurt,11389,%4.35268,41.0199712,28.6480848,0.62,6,80,480,1237,1763,2149
450,Esenkent,Esenyurt,10183,%3.89177,41.0593586,28.6809268,0.067,5,72,429,1106,1576,1922
547,Akşemseddin,Esenyurt,6519,%2.49145,41.0172962,28.6944236,0.78,3,46,275,708,1009,1230
552,Selahaddin Eyyubi,Esenyurt,22624,%8.64650,41.044908,28.6622124,0.13,11,160,954,2457,3502,4269
556,Atatürk,Esenyurt,13077,%4.99780,41.037115,28.636196,0.066,6,92,551,1420,2024,2468
560,Osmangazi,Esenyurt,29605,%11.31452,41.0415514,28.6458279,0.17,14,209,1248,3214,4582,5587
571,Ardıçlıevler,Esenyurt,8524,%3.25772,41.051988,28.67132,0.64,4,60,359,926,1319,1609
574,Zafer,Esenyurt,11807,%4.51243,41.0176797,28.6855692,0.15,6,83,498,1282,1827,2228
596,Ardıçlı,Esenyurt,6767,%2.58623,41.0461686,28.6798101,0.089,3,48,285,735,1047,1277
641,Koza,Esenyurt,5159,%1.97168,41.0645603,28.6652589,0.13,3,36,218,560,798,974
659,Akçaburgaz,Esenyurt,19365,%7.40097,41.0733127,28.6334269,0.97,9,137,816,2103,2997,3654
672,Orhan Gazi,Esenyurt,10461,%3.99801,41.0655655,28.658303,0.83,5,74,441,1136,1619,1974
37,Rami Cuma,Eyüpsultan,14651,%5.59936,41.0498909,28.9216081,0.25,14,228,1491,4154,6166,7537
114,Esentepe,Eyüpsultan,19987,%7.63868,41.0686652,28.9393536,0.11,19,311,2034,5667,8412,10282
157,Düğmeciler,Eyüpsultan,18435,%7.04554,41.0466275,28.9255064,0.086,18,287,1876,5227,7759,9484
214,Silahtarağa,Eyüpsultan,9263,%3.54016,41.0613259,28.940346,0.051,9,144,942,2626,3899,4765
218,Yeşilpınar,Eyüpsultan,38497,%14.71289,41.0785373,28.9195063,0.1,38,599,3917,10915,16203,19805
227,Akşemsettin,Eyüpsultan,41073,%15.69739,41.0848272,28.9276515,0.2,40,639,4179,11645,17287,21130
234,İslambey,Eyüpsultan,15321,%5.85542,41.0467033,28.931477,0.14,15,238,1559,4344,6448,7882
240,Çırçır,Eyüpsultan,28537,%10.90635,41.0798955,28.9382959,0.18,28,444,2903,8091,12011,14681
243,Rami Yeni,Eyüpsultan,13904,%5.31387,41.0515003,28.9175748,0.085,14,216,1415,3942,5852,7153
271,Nişancı,Eyüpsultan,16191,%6.18792,41.0432626,28.9360561,0.15,16,252,1647,4591,6815,8330
272,Karadolap,Eyüpsultan,26979,%10.31091,41.0747846,28.934217,0.078,26,420,2745,7649,11355,13879
294,Sakarya,Eyüpsultan,9966,%3.80883,41.0647435,28.9405122,0.051,10,155,1014,2826,4195,5127
460,Emniyettepe,Eyüpsultan,9397,%3.59137,41.0700073,28.9490344,0.29,9,146,956,2664,3955,4834
469,Merkez,Eyüpsultan,10914,%4.17114,41.0474069,28.9356137,0.88,11,170,1110,3094,4594,5615
522,Alibeyköy,Eyüpsultan,9569,%3.65711,41.077272,28.946901,0.11,9,149,974,2713,4027,4923
617,Defterdar,Eyüpsultan,4709,%1.79970,41.0372014,28.934288,0.31,5,73,479,1335,1982,2423
644,Güzeltepe,Eyüpsultan,34564,%13.20976,41.0746225,28.9531946,0.11,34,537,3517,9800,14547,17782
673,Topçular,Eyüpsultan,4673,%1.78594,41.0411044,28.9254323,0.15,5,73,475,1325,1967,2404
718,Göktürk Merkez,Eyüpsultan,36843,%14.08076,41.1787211,28.8909689,0.083,36,573,3748,10446,15507,18954
775,Mimarsinan,Eyüpsultan,4882,%1.86582,41.0478358,28.9327383,0.047,5,76,497,1384,2055,2512
798,Pirinççi,Eyüpsultan,3561,%1.36095,41.1632307,28.8506496,0.063,3,55,362,1010,1499,1832
806,Mithatpaşa,Eyüpsultan,5179,%1.97932,41.1604821,28.9135587,0.2,5,81,527,1468,2180,2664
819,Akpınar,Eyüpsultan,2275,%0.86947,41.280502,28.809507,0.1,2,35,231,645,958,1170
835,Işıklar,Eyüpsultan,569,%0.21746,41.2267337,28.8266251,0.11,1,9,58,161,239,293
852,Ağaçlı,Eyüpsultan,671,%0.25644,41.2658576,28.8753422,,1,10,68,190,282,345
872,İhsaniye,Eyüpsultan,160,%0.06115,41.240585,28.8081807,0.36,0,2,16,45,67,82
894,Odayeri,Eyüpsultan,195,%0.07453,41.2361051,28.8538837,0.46,0,3,20,55,82,100
948,Çiftalan,Eyüpsultan,149,%0.05695,41.2531131,28.9078193,0.33,0,2,15,42,63,77
29,Atikali,Fatih,15133,%5.78357,41.0245097,28.9438294,0.88,41,457,2140,4503,5905,7166
57,Seyyid Ömer,Fatih,26773,%10.23218,41.0094787,28.9313786,1.4,73,808,3786,7966,10447,12679
60,Hırkaişerif,Fatih,24649,%9.42042,41.006381,28.9758715,0.64,67,744,3486,7334,9618,11673
61,Akşemsettin,Fatih,24856,%9.49953,41.0188839,28.9460241,0.29,68,750,3515,7396,9699,11771
70,Silivrikapı,Fatih,16823,%6.42946,41.0054068,28.9268933,0.88,46,508,2379,5006,6565,7967
75,Sümbülefendi,Fatih,17016,%6.50322,41.00333885,28.9299201258074,0.61,46,513,2406,5063,6640,8058
79,Yavuz Sultan Selim,Fatih,18294,%6.99165,41.0270411,28.9550654,0.6,50,552,2587,5443,7139,8663
86,Derviş Ali,Fatih,18632,%7.12083,41.0295845,28.9392841,0.7,51,562,2635,5544,7270,8823
102,Şehremini,Fatih,22028,%8.41872,41.0138832,28.9327162,0.85,60,665,3115,6554,8596,10432
106,Zeyrek,Fatih,14769,%5.64446,41.0172116,28.9533439,0.32,40,446,2089,4395,5763,6994
131,Kocamustafapaşa,Fatih,21851,%8.35107,41.0039596,28.9302174,1.5,60,659,3090,6502,8527,10348
132,Mevlanakapı,Fatih,20470,%7.82328,41.013311,28.9237485,0.98,56,618,2895,6091,7988,9694
149,Mollagürani,Fatih,18296,%6.99241,41.006381,28.9758715,,50,552,2587,5444,7139,8664
154,İskenderpaşa,Fatih,16686,%6.37710,41.0153898,28.9502718,0.37,45,504,2360,4965,6511,7902
155,Hasekisultan,Fatih,11377,%4.34809,41.0092592,28.9451769,0.26,31,343,1609,3385,4439,5388
177,Ali Kuşçu,Fatih,11253,%4.30070,41.0206955,28.9484468,0.74,31,340,1591,3348,4391,5329
189,Balat,Fatih,13802,%5.27488,41.0320032,28.9482931,0.79,38,417,1952,4107,5386,6536
198,Nişanca,Fatih,6866,%2.62407,41.006884,28.960263,0.36,19,207,971,2043,2679,3251
200,Karagümrük,Fatih,11640,%4.44861,41.0268821,28.9373882,0.32,32,351,1646,3463,4542,5512
224,Cibali,Fatih,8057,%3.07925,41.0235835,28.9593551,1.3,22,243,1139,2397,3144,3815
232,Ayvansaray,Fatih,17777,%6.79406,41.0381763,28.9425695,0.72,48,536,2514,5290,6937,8418
264,Saraçishak,Fatih,1700,%0.64971,41.0065606,28.963701,0.73,5,51,240,506,663,805
296,Yedikule,Fatih,17399,%6.64960,40.9943767,28.9245673,0.7,47,525,2461,5177,6789,8239
321,Muhsinehatun,Fatih,2576,%0.98450,41.0047281,28.9625315,0.97,7,78,364,766,1005,1220
360,Eminsinan,Fatih,1225,%0.46817,41.0070824,28.9697509,,3,37,173,364,478,580
364,Katip Kasım,Fatih,3069,%1.17292,41.0062654,28.9551397,1,8,93,434,913,1198,1453
370,Topkapı,Fatih,11429,%4.36797,41.0207107,28.9281683,1.4,31,345,1616,3401,4460,5412
390,Şehsuvarbey,Fatih,2557,%0.97724,41.0047129,28.9672109,1.4,7,77,362,761,998,1211
426,Mollahüsrev,Fatih,1301,%0.49722,41.0156647,28.9588237,1.4,4,39,184,387,508,616
462,Kalenderhane,Fatih,1673,%0.63939,41.0142172,28.9587331,1.3,5,50,237,498,653,792
477,Aksaray,Fatih,11758,%4.49370,41.0083123,28.9502838,1.5,32,355,1663,3499,4588,5568
509,Cerrahpaşa,Fatih,9147,%3.49582,41.005246,28.9362529,1.8,25,276,1294,2722,3569,4332
516,Binbirdirek,Fatih,1671,%0.63863,41.0070922,28.9721964,1.7,5,50,236,497,652,791
526,Küçükayasofya,Fatih,2594,%0.99138,41.0035865,28.9723346,1.2,7,78,367,772,1012,1228
561,Mimar Hayrettin,Fatih,888,%0.33938,41.0075488,28.9672073,0.81,2,27,126,264,347,421
562,Hoca Giyasettin,Fatih,697,%0.26638,41.019722,28.9616858,1.8,2,21,99,207,272,330
620,Yavuzsinan,Fatih,252,%0.09631,41.0202566,28.9625709,0.83,1,8,36,75,98,119
634,Hacıkadın,Fatih,414,%0.15822,41.0192279,28.9597045,0.53,1,12,59,123,162,196
638,Sultanahmet,Fatih,783,%0.29925,41.0041141,28.9769087,0.54,2,24,111,233,306,371
646,Alemdar,Fatih,488,%0.18651,41.0097793,28.976421,1.5,1,15,69,145,190,231
648,Kemalpaşa,Fatih,618,%0.23619,41.0116066,28.9554577,0.78,2,19,87,184,241,293
671,Demirtaş,Fatih,242,%0.09249,41.0176226,28.9661893,0.96,1,7,34,72,94,115
675,Mimar Kemalettin,Fatih,411,%0.15708,41.008744,28.9632751,0.66,1,12,58,122,160,195
678,Mesihpaşa,Fatih,206,%0.07873,41.0082394,28.9546142,0.7,1,6,29,61,80,98
680,Tayahatun,Fatih,131,%0.05007,41.0121022,28.9694435,1.7,0,4,19,39,51,62
681,Süleymaniye,Fatih,709,%0.27097,41.0150133,28.9655085,1.7,2,21,100,211,277,336
687,Cankurtaran,Fatih,1909,%0.72959,41.0062855,28.9811439,,5,58,270,568,745,904
716,Balabanağa,Fatih,146,%0.05580,41.0107246,28.9583162,1.1,0,4,21,43,57,69
722,Hocapaşa,Fatih,360,%0.13759,41.013878,28.9765078,1.1,1,11,51,107,140,170
732,Beyazıt,Fatih,114,%0.04357,41.009722,28.9665055,0.33,0,3,16,34,44,54
740,Mollafenari,Fatih,135,%0.05159,41.0093709,28.9706351,1.8,0,4,19,40,53,64
753,Mercan,Fatih,48.0,%0.01834,41.013183,28.9674617,1.4,0,1,7,14,19,23
755,Tahtakale,Fatih,24.0,%0.00917,41.0162853,28.9689108,1.2,0,1,3,7,9,11
760,Sururi,Fatih,30.0,%0.01147,41.0133247,28.9716378,0.53,0,1,4,9,12,14
764,Hobyar,Fatih,82.0,%0.03134,41.0154966,28.9744019,2.6,0,2,12,24,32,39
785,Rüstempaşa,Fatih,25.0,%0.00955,41.0168686,28.9706209,1.1,0,1,4,7,10,12
799,Sarıdemir,Fatih,14.0,%0.00535,41.0182733,28.9671737,0.93,0,0,2,4,5,7
27,Şemsipaşa,Gaziosmanpaşa,24409,%9.32870,41.0675597,28.9080246,0.77,9,144,996,2910,4435,5432
43,Hürriyet,Gaziosmanpaşa,28739,%10.98355,41.0668961,28.9002839,1.8,10,170,1173,3426,5222,6396
51,Karlıtepe,Gaziosmanpaşa,19517,%7.45906,41.0587202,28.9279186,1.5,7,115,796,2327,3546,4343
69,Barbaros Hayrettin Paşa,Gaziosmanpaşa,50748,%19.39500,41.0741036,28.8903557,1.4,18,300,2071,6050,9220,11294
73,Kâzım Karabekir,Gaziosmanpaşa,47072,%17.99010,41.080295,28.9107197,2.5,16,278,1921,5612,8553,10476
76,Karadeniz,Gaziosmanpaşa,73225,%27.98532,41.0810179,28.8819895,1.4,26,433,2988,8730,13304,16296
125,Bağlarbaşı,Gaziosmanpaşa,28843,%11.02329,41.0631149,28.9143839,2.9,10,170,1177,3439,5241,6419
135,Pazariçi,Gaziosmanpaşa,12622,%4.82391,41.0591205,28.9344768,1.9,4,75,515,1505,2293,2809
141,Yenimahalle,Gaziosmanpaşa,36751,%14.04559,41.0757441,28.9020537,4,13,217,1499,4381,6677,8179
143,Sarıgöl,Gaziosmanpaşa,25095,%9.59087,41.058849,28.9179346,,9,148,1024,2992,4560,5585
166,Fevzi Çakmak,Gaziosmanpaşa,22748,%8.69389,41.0716438,28.9048289,0.29,8,134,928,2712,4133,5062
176,Yıldıztabya,Gaziosmanpaşa,25602,%9.78464,41.0646555,28.931006,0.19,9,151,1045,3052,4652,5698
186,Merkez,Gaziosmanpaşa,29266,%11.18496,41.0573173,28.9117986,0.52,10,173,1194,3489,5317,6513
239,Yenidoğan,Gaziosmanpaşa,8878,%3.39302,41.058575,28.9235751,0.37,3,52,362,1058,1613,1976
252,Karayolları,Gaziosmanpaşa,40628,%15.52732,41.0852087,28.8986424,0.38,14,240,1658,4843,7382,9041
274,Mevlana,Gaziosmanpaşa,23816,%9.10206,41.0861254,28.9136478,0.34,8,141,972,2839,4327,5300
3,Mareşal Fevzi Çakmak,Güngören,31630,%12.08844,41.0252832,28.8726498,0.74,18,285,1844,5086,7508,9174
8,Akıncılar,Güngören,21045,%8.04303,41.0160064,28.8710186,0.45,12,190,1227,3384,4996,6104
23,Güneştepe,Güngören,51759,%19.78139,41.0259668,28.8649183,0.19,30,466,3017,8322,12287,15012
48,Merkez,Güngören,47371,%18.10437,41.0243935,28.8719813,0.85,27,427,2761,7617,11245,13740
50,Haznedar,Güngören,21298,%8.13973,41.0104658,28.8707783,0.77,12,192,1241,3424,5056,6177
62,Güven,Güngören,18004,%6.88082,41.0116141,28.8733841,0.91,10,162,1049,2895,4274,5222
204,Gençosman,Güngören,40525,%15.48795,41.0284791,28.8776738,0.38,23,365,2362,6516,9620,11754
211,Abdurrahman Nafiz Gürman,Güngören,22696,%8.67402,41.0059977,28.8885447,1.1,13,205,1323,3649,5388,6583
255,Tozkoparan,Güngören,19086,%7.29434,41.014823,28.8966072,0.59,11,172,1113,3069,4531,5536
351,Sanayi,Güngören,13369,%5.10940,41.0191385,28.8808882,1.1,8,120,779,2150,3174,3878
519,Mehmet Nezih Özmen,Güngören,10184,%3.89215,41.0252832,28.8726498,2.1,6,92,594,1637,2418,2954
275,Feneryolu,Kadıköy,24488,%9.35889,40.9788502,29.0487327,,51,512,2184,4271,5478,6633
277,Kozyatağı,Kadıköy,34164,%13.05689,40.9685129,29.0924226,0.58,72,714,3047,5959,7643,9253
282,Erenköy,Kadıköy,31098,%11.88512,40.9721783,29.0758899,0.26,65,650,2773,5424,6957,8423
287,Sahrayıcedit,Kadıköy,30833,%11.78384,40.9831733,29.0831882,1.1,65,644,2750,5378,6897,8351
288,19 Mayıs,Kadıköy,30310,%11.58396,40.977008,29.0894372,1.4,63,633,2703,5287,6780,8209
317,Acıbadem,Kadıköy,30549,%11.67530,41.0023323,29.0444009,0.32,64,638,2724,5329,6834,8274
331,Göztepe,Kadıköy,35260,%13.47576,40.9787185,29.0666827,0.67,74,737,3144,6150,7888,9550
333,Merdivenköy,Kadıköy,33166,%12.67547,40.9877529,29.0676991,0.46,69,693,2958,5785,7419,8983
344,Caferağa,Kadıköy,23977,%9.16359,40.9850403,29.0248102,1.9,50,501,2138,4182,5364,6494
345,Hasanpaşa,Kadıköy,15577,%5.95326,40.9967079,29.0440914,1.3,33,325,1389,2717,3485,4219
375,Bostancı,Kadıköy,31450,%12.01964,40.9539279,29.0949153,0.72,66,657,2805,5486,7035,8518
384,Rasimpaşa,Kadıköy,14276,%5.45604,40.9970269,29.0265413,0.86,30,298,1273,2490,3194,3867
388,Fikirtepe,Kadıköy,9025,%3.44920,40.9934919,29.0498836450406,0.98,19,189,805,1574,2019,2444
409,Osmanağa,Kadıköy,8466,%3.23556,40.9892604,29.0303888,1.6,18,177,755,1477,1894,2293
416,Suadiye,Kadıköy,22484,%8.59299,40.9605007,29.0844637,1.5,47,470,2005,3922,5030,6090
435,Dumlupınar,Kadıköy,10985,%4.19828,40.9929709,29.0597416,4.4,23,229,980,1916,2457,2975
437,Eğitim,Kadıköy,13438,%5.13577,40.9890334,29.0490887,0.84,28,281,1198,2344,3006,3640
474,Zühtüpaşa,Kadıköy,8095,%3.09377,40.98771,29.0397924,0.3,17,169,722,1412,1811,2193
501,Koşuyolu,Kadıköy,7839,%2.99593,41.0069381,29.0350244,3.1,16,164,699,1367,1754,2123
508,Caddebostan,Kadıköy,18316,%7.00006,40.9670186,29.0629255,8.5,38,383,1633,3195,4097,4961
520,Fenerbahçe,Kadıköy,17657,%6.74820,40.9695548,29.0375465,1.5,37,369,1575,3080,3950,4782
16,Harmantepe,Kağıthane,22007,%8.41069,41.0817386,28.9911801,,9,134,836,2234,3245,3961
19,Gültepe,Kağıthane,13810,%5.27794,41.0810024,28.9949074,1.2,6,84,524,1402,2037,2486
36,Çeliktepe,Kağıthane,32935,%12.58719,41.083673,28.9997851,1,13,200,1250,3344,4857,5928
44,Ortabayır,Kağıthane,22994,%8.78791,41.0780937,29.0039886,1.6,9,140,873,2334,3391,4139
54,Şirintepe,Kağıthane,21823,%8.34037,41.0889065,28.9909795,3.2,9,133,829,2216,3218,3928
81,Yahya Kemal,Kağıthane,17746,%6.78221,41.0852399,28.987206,1,7,108,674,1802,2617,3194
84,Telsizler,Kağıthane,11774,%4.49982,41.0782105,28.9982061,0.81,5,72,447,1195,1736,2119
96,Sanayi,Kağıthane,36381,%13.90419,41.0909671,28.9978422,1.3,15,221,1381,3694,5365,6548
126,Hürriyet,Kağıthane,20219,%7.72735,41.0736915,28.9852962,0.77,8,123,768,2053,2982,3639
128,Emniyet,Kağıthane,8390,%3.20651,41.0864668,29.0040986,1,3,51,319,852,1237,1510
182,Gürsel,Kağıthane,30033,%11.47809,41.0709262,28.972669,1.2,12,183,1140,3049,4429,5406
197,Nurtepe,Kağıthane,25628,%9.79458,41.074985,28.9618782,1.3,10,156,973,2602,3779,4613
199,Çağlayan,Kağıthane,30047,%11.48344,41.0746256,28.9799888,0.9,12,183,1141,3051,4431,5408
212,Yeşilce,Kağıthane,11934,%4.56097,41.0956169,29.0006008,0.91,5,73,453,1212,1760,2148
216,Talatpaşa,Kağıthane,33039,%12.62693,41.063141,28.9635226,2.2,13,201,1254,3354,4872,5947
307,Mehmet Akif Ersoy,Kağıthane,12672,%4.84302,41.0593001,28.9564044,1.4,5,77,481,1287,1869,2281
322,Seyrantepe,Kağıthane,22545,%8.61631,41.0968122,28.9892146,2.3,9,137,856,2289,3325,4058
427,Merkez,Kağıthane,30404,%11.61988,41.079396,28.9692391,10.2,12,185,1154,3087,4484,5473
496,Hamidiye,Kağıthane,38313,%14.64256,41.0965753,28.9719887,21.7,15,233,1455,3890,5650,6896
237,Atalar,Kartal,31275,%11.95276,40.9023827,29.1731105,0.82,18,261,1592,4179,6014,7336
253,Petrol-İş,Kartal,28760,%10.99157,40.8965692,29.1797353,0.66,16,240,1464,3843,5531,6746
269,Yukarımahalle,Kartal,8143,%3.11211,40.88858,29.1856536,1.1,5,68,415,1088,1566,1910
279,Uğur Mumcu,Kartal,41544,%15.87740,40.9326933,29.2127458,0.48,23,346,2115,5552,7989,9745
284,Karlıktepe,Kartal,31049,%11.86639,40.8911521,29.1909073,1.2,17,259,1581,4149,5971,7283
289,Gümüşpınar,Kartal,26464,%10.11408,40.9180416,29.2052689,0.5,15,221,1347,3536,5089,6208
303,Yalı,Kartal,11471,%4.38402,40.8919905,29.2205714,2.8,6,96,584,1533,2206,2691
359,Hürriyet,Kartal,47943,%18.32298,40.9026067,29.2306579,1.8,27,399,2441,6407,9219,11246
372,Ortamahalle,Kartal,18790,%7.18121,40.88858,29.1856536,0.77,11,157,957,2511,3613,4408
376,Yakacık Yeni,Kartal,16238,%6.20588,40.9204738,29.2246565,1.7,9,135,827,2170,3123,3809
399,Cevizli,Kartal,27267,%10.42097,40.9131929,29.1687352,1.4,15,227,1388,3644,5243,6396
407,Topselvi,Kartal,12201,%4.66301,40.8939427,29.2153856,0.31,7,102,621,1630,2346,2862
415,Soğanlık,Kartal,26713,%10.20924,40.9132162,29.1924269,1.4,15,223,1360,3570,5137,6266
428,Cumhuriyet,Kartal,21609,%8.25858,40.9077831,29.2213083,0.37,12,180,1100,2888,4155,5069
502,Yunus,Kartal,15215,%5.81491,40.8908085,29.2127431,1.4,9,127,775,2033,2926,3569
518,Esentepe,Kartal,26844,%10.25931,40.9069182,29.1868775,1.9,15,224,1367,3587,5162,6297
521,Çavuşoğlu,Kartal,14286,%5.45986,40.8910311,29.1968295,1.2,8,119,727,1909,2747,3351
524,Orhantepe,Kartal,29960,%11.45019,40.9061849,29.1614584,0.78,17,250,1525,4004,5761,7028
592,Kordonboyu,Kartal,11356,%4.34007,40.8884287,29.1896109,3.2,6,95,578,1518,2184,2664
633,Yakacık Çarşı,Kartal,16305,%6.23149,40.9184915,29.2257746,1.2,9,136,830,2179,3135,3825
58,Yeşilova,Küçükçekmece,33002,%12.61279,40.9898801,28.7861851,1.2,23,342,2136,5720,8316,10150
74,Sultanmurat,Küçükçekmece,13776,%5.26495,41.001718,28.785421,1.2,9,143,892,2388,3471,4237
100,Mehmet Akif,Küçükçekmece,53351,%20.38983,41.0531043,28.8058591,3.4,36,552,3453,9247,13443,16409
104,Kanarya,Küçükçekmece,67272,%25.71019,41.008684,28.7774562,6.7,46,696,4354,11660,16951,20690
121,Kemalpaşa,Küçükçekmece,14667,%5.60547,41.0008891,28.7959206,1.7,10,152,949,2542,3696,4511
123,Gültepe,Küçükçekmece,30092,%11.50064,40.9942991,28.7911487,1.5,21,311,1948,5216,7582,9255
137,Yenimahalle,Küçükçekmece,19408,%7.41740,40.9926219,28.773674,2.5,13,201,1256,3364,4890,5969
156,İnönü,Küçükçekmece,73048,%27.91768,41.0234463,28.7965109,1.3,50,756,4728,12662,18406,22467
158,Cumhuriyet,Küçükçekmece,51065,%19.51616,40.9967292,28.7712054,2.3,35,528,3305,8851,12867,15706
183,Fevzi Çakmak,Küçükçekmece,25229,%9.64209,41.0044603,28.7894267,13.6,17,261,1633,4373,6357,7759
184,Cennet,Küçükçekmece,29995,%11.46357,40.9896625,28.7775673,25.3,20,310,1941,5199,7558,9225
190,Söğütlüçeşme,Küçükçekmece,33233,%12.70108,41.0209912,28.7868135,31.1,23,344,2151,5760,8374,10221
251,Atatürk,Küçükçekmece,42737,%16.33334,41.0504345,28.7973722,12.3,29,442,2766,7408,10769,13144
266,Tevfikbey,Küçükçekmece,36848,%14.08267,41.0080103,28.7994582,22.7,25,381,2385,6387,9285,11333
373,Halkalı,Küçükçekmece,78180,%29.87904,41.0184293,28.7667075,25.6,53,809,5060,13551,19699,24045
429,Kartaltepe,Küçükçekmece,12166,%4.64963,41.0018684,28.7996739,,8,126,787,2109,3066,3742
440,Beşyol,Küçükçekmece,4092,%1.56389,40.9940333,28.7975927,0.61,3,42,265,709,1031,1259
471,İstasyon,Küçükçekmece,37997,%14.52179,41.0282913,28.7720425,0.96,26,393,2459,6586,9574,11686
510,Atakent,Küçükçekmece,93229,%35.63051,41.0553307,28.7819332,1,64,965,6034,16160,23491,28674
576,Fatih,Küçükçekmece,10544,%4.02973,40.9920419,28.76962,0.77,7,109,682,1828,2657,3243
692,Yarımburgaz,Küçükçekmece,10461,%3.99801,41.0486117,28.7538529,0.85,7,108,677,1813,2636,3217
85,Fındıklı,Maltepe,59271,%22.65235,40.9713562,29.1302616,1.2,28,387,2244,5637,7940,9675
217,Altıntepe,Maltepe,30375,%11.60880,40.951875,29.1016652,1.1,14,198,1150,2889,4069,4958
260,Bağlarbaşı,Maltepe,41773,%15.96492,40.9233504,29.1336656,1.2,19,273,1582,3973,5596,6818
261,Zümrütevler,Maltepe,82651,%31.58778,40.9363954,29.147589,1.4,38,539,3130,7861,11072,13491
268,Küçükyalı,Maltepe,25940,%9.91382,40.9489271,29.1219958,1.8,12,169,982,2467,3475,4234
280,Feyzullah,Maltepe,19052,%7.28134,40.9248017,29.1291275,1.7,9,124,721,1812,2552,3110
293,Altayçeşme,Maltepe,30255,%11.56294,40.9278843,29.131346,1.4,14,197,1146,2878,4053,4938
314,Girne,Maltepe,16172,%6.18066,40.94118975,29.1378052286966,3.6,8,106,612,1538,2166,2640
336,Çınar,Maltepe,19848,%7.58556,40.9441446,29.1127963,2.9,9,129,752,1888,2659,3240
367,Esenkent,Maltepe,21745,%8.31056,40.9286404,29.16732,3.9,10,142,823,2068,2913,3549
379,İdealtepe,Maltepe,21982,%8.40114,40.9392248,29.1183959,6.2,10,143,832,2091,2945,3588
382,Gülensu,Maltepe,15441,%5.90128,40.9376784,29.1602109,2.4,7,101,585,1469,2069,2520
389,Gülsuyu,Maltepe,15288,%5.84281,40.9277685,29.1577237,25.6,7,100,579,1454,2048,2495
398,Cevizli,Maltepe,35382,%13.52239,40.9162851,29.1470405,,16,231,1340,3365,4740,5775
433,Aydınevler,Maltepe,20099,%7.68149,40.9490261,29.1281559,0.99,9,131,761,1912,2692,3281
603,Yalı,Maltepe,12893,%4.92748,40.9201889,29.1277394070895,0.76,6,84,488,1226,1727,2104
690,Başıbüyük,Maltepe,21640,%8.27043,40.9585576,29.1485408,0.38,10,141,819,2058,2899,3532
770,Büyükbakkalköy,Maltepe,7779,%2.97300,40.970546,29.1986185,0.32,4,51,295,740,1042,1270
187,Orhangazi,Pendik,28009,%10.70455,40.8660896,29.2894246,1.3,4,52,309,796,1134,1383
203,Fatih,Pendik,21209,%8.10571,40.8676856,29.2977107,0.62,3,39,234,603,859,1047
221,Esenler,Pendik,31553,%12.05901,40.8851987,29.2726983,0.96,4,58,348,897,1278,1558
223,Esenyalı,Pendik,14088,%5.38419,40.8624956,29.2950466,0.48,2,26,156,400,571,696
245,Çamçeşme,Pendik,31480,%12.03111,40.872231,29.2705129,1.1,4,58,348,895,1275,1554
290,Sapanbağları,Pendik,11264,%4.30491,40.8855757,29.2216182,1.4,1,21,124,320,456,556
312,Kavakpınar,Pendik,60252,%23.02727,40.8811385,29.2868227,0.77,8,111,665,1713,2440,2975
326,Fevzi Çakmak,Pendik,36918,%14.10942,40.8780711,29.263908,1.2,5,68,408,1049,1495,1823
329,Yeni,Pendik,15263,%5.83325,40.8832021,29.2309095,1.2,2,28,169,434,618,754
330,Güzelyalı,Pendik,33575,%12.83178,40.8605709,29.2821813,2.5,4,62,371,954,1360,1658
347,Ahmet Yesevi,Pendik,26717,%10.21077,40.8683853,29.3087934,0.64,3,49,295,759,1082,1319
357,Orta,Pendik,5909,%2.25832,40.8903637,29.2419118,2.2,1,11,65,168,239,292
368,Dumlupınar,Pendik,25596,%9.78235,40.8920988,29.2483221,1.4,3,47,283,728,1037,1264
385,Yeşilbağlar,Pendik,6262,%2.39323,40.8929124,29.2256257,2.9,1,12,69,178,254,309
387,Sülüntepe,Pendik,23741,%9.07340,40.9130716,29.2779541,0.58,3,44,262,675,961,1172
396,Kurtköy,Pendik,30775,%11.76167,40.9142051,29.3002734,0.99,4,57,340,875,1246,1520
403,Çınardere,Pendik,18465,%7.05700,40.894557,29.2395687,1.5,2,34,204,525,748,912
405,Bahçelievler,Pendik,12417,%4.74556,40.8839106,29.2353786,4,2,23,137,353,503,613
420,Kaynarca,Pendik,48246,%18.43878,40.8752422,29.2552958,2.4,6,89,533,1371,1954,2382
443,Doğu,Pendik,16043,%6.13136,40.8781658,29.2367481,0.76,2,30,177,456,650,792
454,Şeyhli,Pendik,16720,%6.39009,40.9069317,29.2844986,15.6,2,31,185,475,677,826
466,Batı,Pendik,15521,%5.93186,40.8771819,29.230314,11.6,2,29,171,441,629,766
500,Güllübağlar,Pendik,13852,%5.29399,40.896909,29.2743647,6.1,2,26,153,394,561,684
513,Velibaba,Pendik,36461,%13.93476,40.9044885,29.2543843,6.6,5,67,403,1036,1477,1800
553,Yenişehir,Pendik,57841,%22.10583,40.9312919,29.3043382,4.5,7,107,639,1644,2343,2856
555,Ertuğrulgazi,Pendik,14532,%5.55388,40.9161119,29.2580922,3.5,2,27,160,413,589,718
564,Yayalar,Pendik,11782,%4.50288,40.9027998,29.267275,4.5,2,22,130,335,477,582
587,Çamlık,Pendik,15987,%6.10995,40.928438,29.2834947,16.8,2,30,177,454,647,789
588,Harmandere,Pendik,7925,%3.02880,40.9286057,29.3240794,9.4,1,15,88,225,321,391
714,Ramazanoğlu,Pendik,2930,%1.11980,40.89662,29.2865221,12.7,0,5,32,83,119,145
782,Sanayi,Pendik,3414,%1.30477,40.9055698,29.2991635,10.9,0,6,38,97,138,169
845,Göçbeyli,Pendik,1172,%0.44792,40.969167,29.4585414,3.9,0,2,13,33,47,58
855,Kurna,Pendik,1244,%0.47544,40.9556044,29.3352858,10,0,2,14,35,50,61
900,Emirli,Pendik,256,%0.09784,40.9903172,29.3394622,,0,0,3,7,10,13
915,Ballıca,Pendik,400,%0.15287,40.990429,29.4014388,0.64,0,1,4,11,16,20
919,Kurtdoğmuş,Pendik,441,%0.16854,41.0119123,29.3604996,0.54,0,1,5,13,18,22
167,İnönü,Sancaktepe,22817,%8.72026,41.0112928,29.2122553,3.6,1,16,111,332,513,629
219,Atatürk,Sancaktepe,28687,%10.96367,41.0106272,29.2232789,13.7,1,20,139,417,645,791
262,Meclis,Sancaktepe,25603,%9.78502,41.0104122,29.2048777,8.5,1,18,125,373,576,706
265,Kemal Türkler,Sancaktepe,19404,%7.41587,41.0069937,29.2176514,24,1,13,94,282,436,535
305,Safa,Sancaktepe,18424,%7.04133,41.0086084,29.2456768,18.1,1,13,90,268,414,508
343,Yenidoğan,Sancaktepe,20155,%7.70289,41.013189,29.2416963,15.4,1,14,98,293,453,556
374,Sarıgazi,Sancaktepe,21755,%8.31438,41.0069576,29.2112136,6.1,1,15,106,317,489,600
383,Merve,Sancaktepe,18226,%6.96566,41.006145,29.2405436,28.7,1,12,89,265,410,503
386,Yunus Emre,Sancaktepe,20761,%7.93449,41.0181749,29.249504,12.7,1,14,101,302,467,573
432,Veysel Karani,Sancaktepe,19545,%7.46976,40.9633154,29.2422828,16.8,1,13,95,284,440,539
447,Emek,Sancaktepe,24340,%9.30233,41.0053334,29.1936719,9.5,1,17,118,354,547,671
463,Akpınar,Sancaktepe,20949,%8.00634,40.9670161,29.2303824,36,1,14,102,305,471,578
503,Mevlana,Sancaktepe,15823,%6.04728,41.0127344,29.2592977,40,1,11,77,230,356,436
506,Osmangazi,Sancaktepe,40149,%15.34425,40.9865128,29.2359802,17.9,2,28,195,584,903,1107
540,Fatih,Sancaktepe,27938,%10.67742,40.9576787,29.2143124,20.7,1,19,136,407,628,771
559,Abdurrahmangazi,Sancaktepe,31716,%12.12130,40.9923179,29.2333854,50.7,1,22,154,462,713,875
662,Eyüpsultan,Sancaktepe,18918,%7.23013,40.9905196,29.2288624,28,1,13,92,275,425,522
684,Hilal,Sancaktepe,5458,%2.08595,41.0223751,29.25177,22.8,0,4,27,79,123,151
828,Paşaköy,Sancaktepe,1723,%0.65850,41.0178264,29.2782951,38.4,0,1,8,25,39,48
401,Fatih Sultan Mehmet,Sarıyer,15813,%6.04345,41.0957471,29.0354378,33.3,7,84,453,1064,1454,1770
414,Pınar,Sarıyer,11628,%4.44402,41.1135256,29.0320167,44.9,5,62,333,782,1070,1301
441,Bahçeköy Yenimahalle,Sarıyer,5225,%1.99690,41.1685803,29.0572623,39.1,2,28,150,352,481,585
472,Bahçeköy,Sarıyer,3868,%1.47828,41.174584,28.9912462,9.8,2,21,111,260,356,433
473,İstinye,Sarıyer,16089,%6.14894,41.1150511,29.055486,34.4,7,86,461,1082,1480,1801
488,Ferahevler,Sarıyer,15183,%5.80268,41.1296186,29.0442745,5.7,6,81,435,1022,1397,1699
498,Kireçburnu,Sarıyer,7049,%2.69401,41.1459737,29.0465248,16.4,3,38,202,474,648,789
499,Rumelihisarı,Sarıyer,10785,%4.12184,41.08491705,29.0567125239769,50.5,4,58,309,726,992,1207
517,Çayırbaşı,Sarıyer,5089,%1.94493,41.1587199,29.0326,59.5,2,27,146,342,468,570
535,Cumhuriyet,Sarıyer,11247,%4.29841,41.1478306,29.0347131,43.2,5,60,322,757,1035,1259
545,Merkez,Sarıyer,12750,%4.87283,41.1717313,29.0518358,15.6,5,68,365,858,1173,1427
550,Poligon,Sarıyer,6704,%2.56215,41.117034,29.0413306,37.3,3,36,192,451,617,750
569,Büyükdere,Sarıyer,8841,%3.37888,41.1639734,29.0424644,,4,47,253,595,813,989
570,Emirgân,Sarıyer,8954,%3.42206,41.103131,29.0536894,1.3,4,48,256,602,824,1002
572,Tarabya,Sarıyer,18103,%6.91865,41.1385739,29.0530421,1.3,8,97,518,1218,1665,2026
577,Kocataş,Sarıyer,4500,%1.71982,41.1689299,29.0352598,1.4,2,24,129,303,414,504
578,Yeniköy,Sarıyer,15481,%5.91657,41.1231548,29.070613,0.84,6,83,443,1042,1424,1732
584,Darüşşafaka,Sarıyer,9458,%3.61468,41.1292759,29.0250803,1.1,4,51,271,636,870,1058
590,Reşitpaşa,Sarıyer,17903,%6.84222,41.1068809,29.0411147,1,7,96,513,1205,1647,2004
595,Yeni Mahalle,Sarıyer,3442,%1.31547,41.1727356,29.0608022,1.1,1,18,99,232,317,385
611,Baltalimanı,Sarıyer,5181,%1.98009,41.0955584,29.0525824,1.7,2,28,148,349,477,580
631,Derbent (Çamlıtepe),Sarıyer,6119,%2.33858,41.1685803,29.0572623,1,3,33,175,412,563,685
652,Maden,Sarıyer,13207,%5.04749,41.1817996,29.0379835,1.6,5,71,378,889,1215,1478
653,Huzur,Sarıyer,7948,%3.03759,41.0997797,28.9864026,1.4,3,42,228,535,731,889
660,Bahçeköy Kemer,Sarıyer,2379,%0.90921,41.1690422,28.9897188,1.9,1,13,68,160,219,266
685,Ayazağa,Sarıyer,35317,%13.49754,41.1157496,28.9985596,3.1,15,189,1011,2376,3248,3952
705,Zekeriyaköy,Sarıyer,18867,%7.21064,41.1963806,29.0292004,1.3,8,101,540,1269,1735,2111
712,Maslak,Sarıyer,8091,%3.09224,41.1099991,29.020591,3,3,43,232,544,744,905
719,Kâzım Karabekir,Sarıyer,8201,%3.13428,41.1626163,29.0278664,,3,44,235,552,754,918
721,PTT Evleri,Sarıyer,5405,%2.06570,41.1573969,29.0220693,1.1,2,29,155,364,497,605
735,Kumköy,Sarıyer,3331,%1.27305,41.2457696,29.0364997,0.62,1,18,95,224,306,373
742,Rumelikavağı,Sarıyer,3765,%1.43892,41.1824719,29.0734128,0.91,2,20,108,253,346,421
757,Uskumruköy,Sarıyer,8178,%3.12549,41.2198771,29.0224631,0.33,3,44,234,550,752,915
761,Gümüşdere,Sarıyer,4193,%1.60249,41.2367356,28.9851056,0.88,2,22,120,282,386,469
769,Rumelifeneri,Sarıyer,4550,%1.73893,41.2334035,29.1109327,1.3,2,24,130,306,419,509
802,Demirci,Sarıyer,1306,%0.49913,41.1685803,29.0572623,1.8,1,7,37,88,120,146
810,Garipçe,Sarıyer,393,%0.15020,41.2147913,29.1085398,0.98,0,2,11,26,36,44
867,Kısırkaya,Sarıyer,333,%0.12727,41.251854,28.9774507,1.4,0,2,10,22,31,37
235,Alibey,Silivri,18122,%6.92591,41.0732159,28.2502073,0.62,9,157,1109,3303,5089,6240
393,Piri Mehmet Paşa,Silivri,9002,%3.44041,41.0754871,28.2426423,3.5,5,78,551,1641,2528,3100
412,Fatih,Silivri,7093,%2.71082,41.0707054,28.2478688,10.8,4,62,434,1293,1992,2442
691,Cumhuriyet,Silivri,7442,%2.84420,41.0697432,28.2612532,4.8,4,65,455,1356,2090,2562
699,Semizkumlar,Silivri,23579,%9.01148,41.0749874,28.1746116,6.2,12,204,1443,4297,6621,8119
701,Mimar Sinan,Silivri,14481,%5.53439,41.0850824,28.2406022,,7,126,886,2639,4067,4986
710,Yeni,Silivri,32829,%12.54667,41.0807861,28.2573173,1.3,17,285,2009,5983,9219,11304
730,Selimpaşa,Silivri,19003,%7.26262,41.0548272,28.3668,1.9,10,165,1163,3463,5336,6543
772,Sancaktepe,Silivri,5114,%1.95448,41.0774457,28.0851547,2.1,3,44,313,932,1436,1761
776,Hürriyet,Silivri,1790,%0.68411,41.092394,28.3356266,0.91,1,16,110,326,503,616
779,Gümüşyaka,Silivri,7810,%2.98485,41.0454443,28.0437139,2.9,4,68,478,1423,2193,2689
783,Fevzipaşa,Silivri,3127,%1.19509,41.0956929,28.0081194,1.3,2,27,191,570,878,1077
788,Ortaköy,Silivri,3809,%1.45573,41.1018136,28.3751315,5,2,33,233,694,1070,1312
790,Kavaklı,Silivri,1938,%0.74067,41.0922446,28.3325627,5.2,1,17,119,353,544,667
818,İsmetpaşa,Silivri,3027,%1.15687,41.1022968,28.0114577,3.1,2,26,185,552,850,1042
824,Balaban,Silivri,2988,%1.14196,41.0798383,28.0813497,16.2,2,26,183,545,839,1029
825,Gazitepe,Silivri,1293,%0.49416,41.128601,28.323416,3.7,1,11,79,236,363,445
826,Kadıköy,Silivri,1483,%0.56678,41.136646,28.363672,4.3,1,13,91,270,416,511
830,Büyük Çavuşlu,Silivri,3299,%1.26082,41.23843,28.060543,1.4,2,29,202,601,926,1136
837,Beyciler,Silivri,1434,%0.54805,41.235941,28.115909,2.8,1,12,88,261,403,494
839,Büyük Kılıçlı,Silivri,1159,%0.44295,41.163228,28.190187,26.4,1,10,71,211,325,399
856,Fener,Silivri,1528,%0.58398,41.1504819,28.236966,8.4,1,13,93,278,429,526
866,Yolçatı,Silivri,373,%0.14255,41.132469,28.127191,26.1,0,3,23,68,105,128
876,Çeltik,Silivri,1011,%0.38639,41.1086064,28.1163693,,1,9,62,184,284,348
880,Akören,Silivri,1274,%0.48690,41.1961748,28.3362078,0.22,1,11,78,232,358,439
881,Danamandıra,Silivri,1109,%0.42384,41.307926,28.242407,0.34,1,10,68,202,311,382
883,Küçük Kılıçlı,Silivri,275,%0.10510,41.1319035,28.2052914,0.38,0,2,17,50,77,95
886,Alipaşa,Silivri,954,%0.36460,41.1111131,28.2211333,0.16,0,8,58,174,268,328
888,Küçük Sinekli,Silivri,156,%0.05962,41.2291727,28.1915768,0.29,0,1,10,28,44,54
901,Büyük Sinekli,Silivri,338,%0.12918,41.2246766,28.2107625,0.4,0,3,21,62,95,116
902,Seymen,Silivri,1032,%0.39441,41.1564501,28.1704539,0.6,1,9,63,188,290,355
903,Çayırdere,Silivri,1204,%0.46015,41.281857,28.144777,0.66,1,10,74,219,338,415
912,Sayalar,Silivri,784,%0.29963,41.3165679,28.1741723,0.58,0,7,48,143,220,270
936,Bekirli,Silivri,201,%0.07682,41.2263051,28.3005466,1.2,0,2,12,37,56,69
938,Kurfallı,Silivri,463,%0.17695,41.2008973,28.261278,1.4,0,4,28,84,130,159
292,Ahmet Yesevi,Sultanbeyli,29261,%11.18305,40.9712912,29.2736277,3.2,6,109,841,2717,4397,5420
313,Hamidiye,Sultanbeyli,27189,%10.39116,40.9536548,29.285281,,5,101,782,2525,4085,5036
316,Abdurrahmangazi,Sultanbeyli,29276,%11.18878,40.9687304,29.2605656,26,6,109,842,2718,4399,5423
318,Hasanpaşa,Sultanbeyli,17450,%6.66909,40.9681451,29.2501891,23.9,3,65,502,1620,2622,3232
325,Fatih,Sultanbeyli,21541,%8.23260,40.9583474,29.2745466,10,4,80,619,2000,3237,3990
349,Yavuz Selim,Sultanbeyli,19506,%7.45485,40.9493995,29.2784863,12.5,4,73,561,1811,2931,3613
355,Turgutreis,Sultanbeyli,20178,%7.71168,40.9666377,29.2804313,9.2,4,75,580,1874,3032,3738
394,Mehmet Akif,Sultanbeyli,27515,%10.51576,40.9681066,29.2676872,7.1,5,102,791,2555,4134,5097
419,Orhangazi,Sultanbeyli,15748,%6.01861,40.9385546,29.2869718,21.4,3,59,453,1462,2366,2917
436,Mecidiye,Sultanbeyli,22972,%8.77950,40.9575291,29.2965736,18.7,4,86,661,2133,3452,4255
490,Necip Fazıl,Sultanbeyli,15937,%6.09084,40.9414104,29.2752522,21.3,3,59,458,1480,2395,2952
512,Adil,Sultanbeyli,20853,%7.96965,40.9777034,29.2635415,18.5,4,78,600,1936,3133,3863
528,Battalgazi,Sultanbeyli,31820,%12.16105,40.978967,29.2699958,24.7,6,119,915,2955,4781,5894
531,Akşemsettin,Sultanbeyli,12581,%4.80824,40.9477795,29.2994046,16.7,2,47,362,1168,1890,2330
591,Mimarsinan,Sultanbeyli,18158,%6.93967,40.9670242,29.2671314,20,4,68,522,1686,2728,3363
34,50. Yıl,Sultangazi,72891,%27.85768,41.0898827,28.8701918,22.9,14,269,2040,6477,10370,12766
39,Sultançiftliği,Sultangazi,38550,%14.73314,41.1003942,28.8609026,12.8,8,142,1079,3425,5484,6752
47,İsmetpaşa,Sultangazi,54837,%20.95775,41.1115982,28.8558273,9.1,11,203,1535,4873,7801,9604
150,Malkoçoğlu,Sultangazi,13328,%5.09373,41.1170126,28.8486379,9.5,3,49,373,1184,1896,2334
152,Gazi,Sultangazi,34762,%13.28543,41.1032888,28.8976417,67.6,7,128,973,3089,4945,6088
172,Yunusemre,Sultangazi,46999,%17.96220,41.0974478,28.8915429,24,9,174,1316,4176,6686,8232
178,Esentepe,Sultangazi,63310,%24.19598,41.099194,28.8788559,16,13,234,1772,5625,9007,11088
196,75. Yıl,Sultangazi,32605,%12.46107,41.098314,28.9023051,34.8,6,120,913,2897,4638,5711
226,Uğur Mumcu,Sultangazi,41665,%15.92364,41.0968482,28.8651722,23.3,8,154,1166,3702,5927,7297
324,Cumhuriyet,Sultangazi,14819,%5.66356,41.0874877,28.875977,31.8,3,55,415,1317,2108,2595
487,Eski Habibler,Sultangazi,7275,%2.78038,41.1222809,28.8438681072508,22.1,1,27,204,646,1035,1274
544,Zübeydehanım,Sultangazi,32238,%12.32080,41.1043344,28.8614367,34.9,6,119,902,2865,4586,5646
605,Cebeci,Sultangazi,60416,%23.08995,41.1233545,28.8797693,12.1,12,223,1691,5368,8595,10581
702,Yayla,Sultangazi,8076,%3.08651,41.1473319,28.8553226,24.9,2,30,226,718,1149,1414
727,Habibler,Sultangazi,6743,%2.57706,41.133188,28.8389168,26,1,25,189,599,959,1181
630,Hacıkasım,Şile,944,%0.36078,41.1785041,29.6095617,18.1,0,6,49,157,254,313
704,Çavuş,Şile,8576,%3.27760,41.1633748,29.6075509,29.1,3,58,443,1429,2310,2847
725,Ağva,Şile,1973,%0.75405,41.1380556,29.8566667,11.8,1,13,102,329,531,655
749,Balibey,Şile,3398,%1.29866,41.1709389,29.6303393,81,1,23,176,566,915,1128
756,Meşrutiyet,Şile,1636,%0.62525,41.158806,29.562439,46.8,1,11,85,273,441,543
763,Kumbaba,Şile,741,%0.28320,41.1660337,29.5811106,27.3,0,5,38,123,200,246
777,Ahmetli,Şile,1815,%0.69366,41.1461163,29.5776837,19.5,1,12,94,302,489,603
784,Çayırbaşı,Şile,994,%0.37989,41.1508425,29.6496119,5,0,7,51,166,268,330
800,Göçe,Şile,724,%0.27670,41.1075199,29.8532203,171,0,5,37,121,195,240
836,Kurfallı,Şile,247,%0.09440,41.1334679,29.8257038,,0,2,13,41,67,82
838,Akçakese,Şile,388,%0.14829,41.1426422,29.7184351,0.41,0,3,20,65,105,129
840,Değirmençayırı,Şile,455,%0.17389,40.9780211,29.662076,0.86,0,3,24,76,123,151
842,Doğancılı,Şile,756,%0.28893,41.1924768,29.4395032,0.93,0,5,39,126,204,251
843,Kadıköy,Şile,159,%0.06077,41.1100862,29.9048117,0.47,0,1,8,26,43,53
851,Satmazlı,Şile,355,%0.13567,41.12923,29.556829,0.65,0,2,18,59,96,118
858,Sahilköy,Şile,766,%0.29275,41.202164,29.413542,0.4,0,5,40,128,206,254
860,Gökmaşlı,Şile,188,%0.07185,41.0978412,29.8044893,1.2,0,1,10,31,51,62
864,Karacaköy,Şile,269,%0.10281,41.1513347,29.7692971,0.87,0,2,14,45,72,89
878,İmrenli,Şile,260,%0.09937,41.1462464,29.7390244,0.62,0,2,13,43,70,86
879,Alacalı,Şile,515,%0.19682,41.1849522,29.4578513,0.7,0,3,27,86,139,171
882,Karamandere,Şile,324,%0.12383,41.137421,29.590057,0.6,0,2,17,54,87,108
884,Kabakoz,Şile,522,%0.19950,41.1450015,29.6899826,1.2,0,4,27,87,141,173
885,İsaköy,Şile,122,%0.04663,41.1082079,29.8239363,1.4,0,1,6,20,33,41
887,Bıçkıdere,Şile,265,%0.10128,41.07016,29.474415,8.4,0,2,14,44,71,88
889,Geredeli,Şile,574,%0.21937,41.0946643,29.8623048,4.2,0,4,30,96,155,191
890,İmrendere,Şile,264,%0.10090,41.142136,29.598705,5.6,0,2,14,44,71,88
892,Korucu,Şile,205,%0.07835,41.1229664,29.5681714,11.2,0,1,11,34,55,68
893,Osmanköy,Şile,257,%0.09822,41.081332,29.7308142,19.4,0,2,13,43,69,85
896,Bozgoca,Şile,92.0,%0.03516,41.1415986,29.7752271,9.1,0,1,5,15,25,31
897,Şuayipli,Şile,231,%0.08828,41.1338084,29.8020806,46.1,0,2,12,38,62,77
898,Kızılca,Şile,496,%0.18956,41.155083,29.539887,13,0,3,26,83,134,165
899,Üvezli,Şile,337,%0.12880,41.1145302,29.4449497,,0,2,17,56,91,112
906,Bucaklı,Şile,305,%0.11657,41.1173765,29.8907955,1,0,2,16,51,82,101
908,Kömürlük,Şile,211,%0.08064,41.0793676,29.4367685,0.86,0,1,11,35,57,70
909,Yeniköy,Şile,412,%0.15746,41.1229392,29.6509672,0.7,0,3,21,69,111,137
911,Ovacık,Şile,148,%0.05656,41.1190228,29.6181225,0.81,0,1,8,25,40,49
913,Hasanlı,Şile,215,%0.08217,41.0180677,29.6648802,0.74,0,1,11,36,58,71
918,Çelebi,Şile,144,%0.05503,41.095688,29.9058567,1.1,0,1,7,24,39,48
920,Sofular,Şile,272,%0.10395,41.1727778,29.4941667,0.84,0,2,14,45,73,90
921,Karabeyli,Şile,207,%0.07911,41.1053623,29.7340004,0.76,0,1,11,34,56,69
922,Sortullu,Şile,113,%0.04319,41.0693719,29.7356832,0.43,0,1,6,19,30,38
923,Yazımanayır,Şile,221,%0.08446,41.0687673,29.6848616,0.77,0,1,11,37,60,73
925,Hacıllı,Şile,241,%0.09211,41.0459455,29.7690745,0.96,0,2,12,40,65,80
926,Oruçoğlu,Şile,334,%0.12765,41.0627778,29.4891667,0.81,0,2,17,56,90,111
927,Ulupelit,Şile,202,%0.07720,41.0872308,29.5148602,0.61,0,1,10,34,54,67
928,Karakiraz,Şile,289,%0.11045,41.1786792,29.3490366,1,0,2,15,48,78,96
929,Teke,Şile,499,%0.19071,41.0676404,29.6626435,0.73,0,3,26,83,134,166
932,Göksu,Şile,306,%0.11695,41.0791484,29.7752569,1.2,0,2,16,51,82,102
933,Çengilli,Şile,185,%0.07070,41.004983,29.6714128,0.55,0,1,10,31,50,61
934,Ağaçdere,Şile,90.0,%0.03440,41.040279,29.706234,1.2,0,1,5,15,24,30
941,Çataklı,Şile,216,%0.08255,41.0745558,29.7995344,1.6,0,1,11,36,58,72
942,Kalem,Şile,219,%0.08370,41.0879233,29.8452053,0.92,0,1,11,36,59,73
943,Kurna,Şile,146,%0.05580,41.1956776,29.3648221,1,0,1,8,24,39,48
944,Erenler,Şile,121,%0.04624,41.1174439,29.5663988,2,0,1,6,20,33,40
945,Soğullu,Şile,189,%0.07223,41.0955157,29.8214453,1.6,0,1,10,31,51,63
946,Yaka,Şile,208,%0.07949,40.991955,29.653442,0.99,0,1,11,35,56,69
947,Yeşilvadi,Şile,146,%0.05580,41.1230556,29.4757317,1,0,1,8,24,39,48
949,Yaylalı,Şile,58.0,%0.02217,41.0928824,29.6720497,1.4,0,0,3,10,16,19
951,Kervansaray,Şile,278,%0.10625,41.072553,29.4532293,2.2,0,2,14,46,75,92
952,Avcıkoru,Şile,130,%0.04968,41.1202412,29.4139475,1.3,0,1,7,22,35,43
953,Darlık,Şile,104,%0.03975,41.042969,29.574676,1.8,0,1,5,17,28,35
954,Esenceli,Şile,74.0,%0.02828,41.0533333,29.3930556,1.7,0,0,4,12,20,25
33,Eskişehir,Şişli,12164,%4.64887,41.0452366,28.9808521,3.9,2,17,54,88,108,130
40,Feriköy,Şişli,14630,%5.59133,41.0490846,28.9794103,1.6,3,20,65,105,130,156
46,Bozkurt,Şişli,10930,%4.17726,41.0498994,28.984135,1.8,2,15,49,79,97,116
53,Duatepe,Şişli,8096,%3.09415,41.0534185,28.9807907,4.2,2,11,36,58,72,86
59,Mahmut Şevket Paşa,Şişli,18977,%7.25268,41.0525016,28.965487,,4,26,85,137,169,202
65,Gülbahar,Şişli,23271,%8.89377,41.072051,29.0000664,0.42,4,32,104,168,207,248
111,Halide Edip Adıvar,Şişli,17012,%6.50169,41.0616523,28.977054,0.86,3,23,76,123,151,181
118,Yayla,Şişli,11475,%4.38555,41.0483978,28.9753965,0.23,2,16,51,83,102,122
120,İzzetpaşa,Şişli,8044,%3.07428,41.0693247,28.9863187,0.37,2,11,36,58,72,86
127,Mecidiyeköy,Şişli,20219,%7.72735,41.0651758,28.9955189,0.89,4,28,90,146,180,215
161,Kuştepe,Şişli,15710,%6.00409,41.0719821,28.9909667,0.5,3,22,70,113,140,167
249,Meşrutiyet,Şişli,7922,%3.02765,41.0544974,28.9909369424085,0.37,1,11,35,57,71,84
254,19 Mayıs,Şişli,11458,%4.37905,41.0598652,28.9914441,0.45,2,16,51,83,102,122
256,Ergenekon,Şişli,2684,%1.02578,41.0489803,28.9864057,0.34,1,4,12,19,24,29
258,Fulya,Şişli,17327,%6.62208,41.0583894,28.9979356,0.51,3,24,77,125,154,185
263,Teşvikiye,Şişli,11522,%4.40351,41.0519368,28.9966371,1.5,2,16,51,83,103,123
270,Paşa,Şişli,18698,%7.14605,41.0540318,28.9729118,0.52,4,26,84,135,166,199
302,İnönü,Şişli,4019,%1.53599,41.0438743,28.9844034,0.44,1,6,18,29,36,43
328,Cumhuriyet,Şişli,7255,%2.77274,41.0556861,28.9818925,0.86,1,10,32,52,65,77
391,Halaskargazi,Şişli,1691,%0.64627,41.0514835,28.9888479,1.7,0,2,8,12,15,18
478,Merkez,Şişli,13654,%4.97965,41.0634057,28.9845271,1.1,2,18,58,94,116,139
514,Halil Rıfat Paşa,Şişli,4566,%1.74505,41.0575346,28.9687052,1.1,1,6,20,33,41,49
515,Kaptanpaşa,Şişli,3312,%1.26579,41.0649764,28.9727607,0.7,1,5,15,24,29,35
627,Esentepe,Şişli,7056,%2.69668,41.0707741,29.0108118,1.6,1,10,32,51,63,75
654,Harbiye,Şişli,2504,%0.95699,41.0452381,28.9910139,1,0,3,11,18,22,27
366,Mimarsinan,Tuzla,24236,%9.26258,40.8341538,29.3615521,1.5,19,259,1492,3729,5239,6382
423,Şifa,Tuzla,28263,%10.80163,40.8275201,29.3566838,1.4,22,302,1740,4348,6109,7443
459,Yayla,Tuzla,26839,%10.25740,40.8306571,29.3110728,1.6,21,287,1653,4129,5801,7068
489,İçmeler,Tuzla,10467,%4.00031,40.8492047,29.3050492,1.5,8,112,645,1610,2262,2756
557,Aydıntepe,Tuzla,23998,%9.17162,40.8532761,29.2976839,1.7,18,256,1478,3692,5187,6320
632,Cami,Tuzla,5260,%2.01028,40.8158799,29.305366,1.8,4,56,324,809,1137,1385
635,İstasyon,Tuzla,19935,%7.61881,40.81146115,29.3602714749981,1.7,15,213,1228,3067,4309,5250
642,Postane,Tuzla,19574,%7.48084,40.8168594,29.2980277,1.1,15,209,1205,3011,4231,5155
645,Evliya Çelebi,Tuzla,10861,%4.15089,40.8425924,29.2984572,2.4,8,116,669,1671,2348,2860
649,Aydınlı,Tuzla,55493,%21.20846,40.8672273,29.3280673,0.73,43,592,3417,8537,11995,14614
674,Orta,Tuzla,10387,%3.96973,40.9023308,29.3780319,1.5,8,111,640,1598,2245,2735
729,Mescit,Tuzla,4612,%1.76263,40.8957914,29.3539285,1.2,4,49,284,710,997,1215
747,Anadolu,Tuzla,905,%0.34588,40.9068494,29.375089,,1,10,56,139,196,238
767,Fatih,Tuzla,1045,%0.39938,40.9298616,29.3433999,0.23,1,11,64,161,226,275
781,Tepeören,Tuzla,6673,%2.55030,40.9092783,29.3898302,5.1,5,71,411,1027,1442,1757
787,Orhanlı,Tuzla,1903,%0.72729,40.8941812,29.3569093,1.8,1,20,117,293,411,501
813,Akfırat,Tuzla,2471,%0.94437,40.9251836,29.417775,5.5,2,26,152,380,534,651
109,İstiklal,Ümraniye,47160,%18.02373,41.0235391,29.1017524,1.8,32,410,2164,5016,6821,8296
134,Çakmak,Ümraniye,37323,%14.26420,41.0142622,29.1284385,6.5,26,324,1712,3970,5398,6566
162,Esenevler,Ümraniye,26864,%10.26695,41.0121877,29.0922465,4.1,18,234,1232,2857,3885,4726
180,Namık Kemal,Ümraniye,28849,%11.02559,41.0211006,29.0919519,5.6,20,251,1324,3069,4172,5075
192,Mehmet Akif,Ümraniye,24911,%9.52055,41.0074656,29.1379873,4.8,17,217,1143,2650,3603,4382
193,Armağanevler,Ümraniye,37444,%14.31045,41.0181477,29.1155959,7.6,26,325,1718,3983,5415,6587
194,Altınşehir,Ümraniye,28231,%10.78940,41.0139675,29.1425432,9.2,19,245,1295,3003,4083,4966
201,Atatürk,Ümraniye,24740,%9.45520,41.0252686,29.0920104,15.5,17,215,1135,2632,3578,4352
207,Tepeüstü,Ümraniye,13593,%5.19501,41.0168089,29.1313643,3.3,9,118,624,1446,1966,2391
283,Adem Yavuz,Ümraniye,17630,%6.73788,41.0197375,29.1555922,8.3,12,153,809,1875,2550,3101
299,Atakent,Ümraniye,21146,%8.08163,41.0207119,29.1087352,19.9,15,184,970,2249,3058,3720
309,Kâzım Karabekir,Ümraniye,17257,%6.59533,41.0391546,29.1025666,5.2,12,150,792,1836,2496,3036
332,Huzur,Ümraniye,12001,%4.58657,41.0264688,29.1612731,7.8,8,104,551,1277,1736,2111
335,Tatlısu,Ümraniye,20041,%7.65932,41.0042368,29.1339637,8.7,14,174,919,2132,2898,3526
339,Yamanevler,Ümraniye,14190,%5.42317,41.0262888,29.1017527,17.4,10,123,651,1509,2052,2496
346,Çamlık,Ümraniye,22420,%8.56853,41.0032611,29.1243347,11.5,15,195,1029,2385,3243,3944
363,Tantavi,Ümraniye,10002,%3.82259,41.0305352,29.0870195,18.7,7,87,459,1064,1447,1760
365,Elmalıkent,Ümraniye,22176,%8.47528,41.0352657,29.0977305,4.4,15,193,1017,2359,3207,3901
392,Necip Fazıl,Ümraniye,27002,%10.31970,41.0175067,29.1752803,9.7,19,235,1239,2872,3905,4750
411,Madenler,Ümraniye,14327,%5.47553,41.012306,29.1870471,21.2,10,125,657,1524,2072,2520
413,Parseller,Ümraniye,15373,%5.87529,41.0256947,29.1569065,10.1,11,134,705,1635,2223,2704
430,İnkılap,Ümraniye,29569,%11.30076,41.0330664,29.1058909,8.5,20,257,1357,3145,4276,5202
445,Cemil Meriç,Ümraniye,22094,%8.44394,41.0200554,29.1425904,10.8,15,192,1014,2350,3195,3887
458,Aşağıdudullu,Ümraniye,12611,%4.81971,41.0256362,29.0963049,4.1,9,110,579,1341,1824,2219
465,Dumlupınar,Ümraniye,13076,%4.99742,41.0490461,29.094224,10.4,9,114,600,1391,1891,2300
484,Ihlamurkuyu,Ümraniye,16308,%6.23263,41.0191243,29.1351889,23.1,11,142,748,1735,2359,2869
486,Site,Ümraniye,25779,%9.85229,41.0096545,29.1174872,16,18,224,1183,2742,3728,4535
492,Topağacı,Ümraniye,14977,%5.72395,41.0476467,29.1014982,16,10,130,687,1593,2166,2635
493,Yukarıdudullu,Ümraniye,20295,%7.75640,41.0110683,29.1525726,11.2,14,176,931,2159,2935,3570
495,Esenşehir,Ümraniye,19317,%7.38262,41.0088277,29.1672835,22.1,13,168,886,2055,2794,3398
580,Şerifali,Ümraniye,8460,%3.23327,41.0004717,29.1458001,8.1,6,74,388,900,1224,1488
614,Esenkent,Ümraniye,19953,%7.62569,41.0052155,29.1830041,11.8,14,173,915,2122,2886,3510
615,Hekimbaşı,Ümraniye,8495,%3.24664,41.0595591,29.0979066,8.3,6,74,390,904,1229,1494
715,Saray,Ümraniye,2307,%0.88170,41.0322672,29.1126782,15.8,2,20,106,245,334,406
736,Fatih Sultan Mehmet,Ümraniye,3976,%1.51956,41.0249644,29.1225993,12.1,3,35,182,423,575,699
88,Valide-i Atik,Üsküdar,21519,%8.22419,41.0184789,29.0270247,13.3,12,152,841,2025,2798,3406
138,Cumhuriyet,Üsküdar,36237,%13.84915,41.0108797,29.0807595,15.1,19,257,1417,3410,4711,5735
139,Ahmediye,Üsküdar,9520,%3.63838,41.0184904,29.0164388,22.1,5,67,372,896,1238,1507
165,Murat Reis,Üsküdar,14161,%5.41209,41.0226184,29.0259466,14.2,8,100,554,1333,1841,2241
185,Bulgurlu,Üsküdar,30753,%11.75326,41.0162865,29.0762576,20.8,16,218,1202,2894,3998,4867
188,İcadiye,Üsküdar,17160,%6.55825,41.0286073,29.0341185,35.9,9,122,671,1615,2231,2716
191,Zeynep Kamil,Üsküdar,12559,%4.79983,41.0150982,29.0213844,22.8,7,89,491,1182,1633,1988
222,Selami Ali,Üsküdar,13245,%5.06201,41.0255088,29.0290779,14,7,94,518,1246,1722,2096
257,Aziz Mahmud Hüdayi,Üsküdar,8880,%3.39378,41.0222438,29.014274,6.8,5,63,347,836,1154,1405
276,Mimar Sinan,Üsküdar,12077,%4.61562,41.0236072,29.0184136,18.5,6,86,472,1137,1570,1911
286,Ünalan,Üsküdar,34162,%13.05612,40.9980939,29.0600259,19.5,18,242,1336,3215,4441,5406
298,Sultantepe,Üsküdar,11452,%4.37676,41.0288368,29.0217813,13.2,6,81,448,1078,1489,1812
301,Salacak,Üsküdar,9545,%3.64793,41.01663,29.011821,11,5,68,373,898,1241,1511
319,Küplüce,Üsküdar,17542,%6.70425,41.0349394,29.0565056,17.4,9,124,686,1651,2281,2776
327,Yavuztürk,Üsküdar,34355,%13.12988,41.0412375,29.0849274,19.7,18,243,1343,3233,4466,5437
338,Mehmet Akif Ersoy,Üsküdar,20960,%8.01055,41.0413151,29.0717135,16.1,11,148,820,1972,2725,3317
348,Ferah,Üsküdar,20482,%7.82786,41.0329956,29.0724337,7.7,11,145,801,1927,2663,3241
352,Kirazlıtepe,Üsküdar,13296,%5.08150,41.0391608,29.0615628,38.5,7,94,520,1251,1729,2104
417,Acıbadem,Üsküdar,24747,%9.45787,41.0062328,29.0528941,20.1,13,175,968,2329,3217,3916
448,Güzeltepe,Üsküdar,13438,%5.13577,41.0498613,29.0699376,17.7,7,95,525,1265,1747,2127
449,Bahçelievler,Üsküdar,21240,%8.11756,41.0533837,29.0797099,15.2,11,150,830,1999,2761,3361
452,Kısıklı,Üsküdar,19659,%7.51333,41.0223146,29.0622021,,11,139,769,1850,2556,3111
464,Barbaros,Üsküdar,18139,%6.93241,41.0126978,29.031529,0.18,10,128,709,1707,2358,2871
475,Küçüksu,Üsküdar,19655,%7.51180,41.065641,29.0709346,0.23,11,139,768,1850,2555,3111
507,Burhaniye,Üsküdar,16929,%6.46997,41.0287204,29.0527669,0.18,9,120,662,1593,2201,2679
554,Çengelköy,Üsküdar,14298,%5.46445,41.051034,29.0599829,0.14,8,101,559,1346,1859,2263
565,Altunizade,Üsküdar,13886,%5.30699,41.0219096,29.0483828,0.33,7,98,543,1307,1805,2198
616,Selimiye,Üsküdar,8658,%3.30894,41.0058418,29.0177481,0.42,5,61,339,815,1126,1370
618,Beylerbeyi,Üsküdar,5749,%2.19717,41.0417926,29.0465456,0.36,3,41,225,541,747,910
628,Küçük Çamlıca,Üsküdar,10917,%4.17229,41.0139574,29.060337,0.25,6,77,427,1027,1419,1728
658,Kuleli,Üsküdar,2280,%0.87138,41.0592832,29.0589129,0.18,1,16,89,215,296,361
669,Kuzguncuk,Üsküdar,4358,%1.66555,41.03216,29.0360265,0.46,2,31,170,410,567,690
709,Kandilli,Üsküdar,1712,%0.65430,41.0726098,29.0576991,0.41,1,12,67,161,223,271
1,Yeşiltepe,Zeytinburnu,21679,%8.28534,40.9912492,28.902307,0.44,34,492,2983,7771,11140,13586
12,Nuripaşa,Zeytinburnu,27283,%10.42709,40.9881236,28.9025258,0.1,42,620,3754,9780,14020,17099
14,Çırpıcı,Zeytinburnu,29022,%11.09170,41.0002245,28.8962437,0.67,45,659,3994,10403,14914,18188
21,Yenidoğan,Zeytinburnu,10884,%4.15968,40.9882534,28.9047039,0.45,17,247,1498,3901,5593,6821
22,Gökalp,Zeytinburnu,19959,%7.62798,40.9934935,28.9054676,0.75,31,453,2747,7154,10257,12509
25,Veliefendi,Zeytinburnu,27737,%10.60060,40.9959417,28.8978934,0.18,43,630,3817,9943,14253,17383
41,Telsiz,Zeytinburnu,37515,%14.33758,40.9994553,28.9121132,0.36,58,852,5162,13448,19278,23511
64,Sümer,Zeytinburnu,36848,%14.08267,40.9864053,28.8954719,0.1,57,837,5071,13209,18935,23093
146,Beştelsiz,Zeytinburnu,23926,%9.14410,40.9994868,28.9045024,1.1,37,544,3292,8577,12295,14995
341,Seyitnizam,Zeytinburnu,24113,%9.21557,41.0064945,28.9089333,0.43,37,548,3318,8644,12391,15112
378,Merkezefendi,Zeytinburnu,23742,%9.07378,41.014371,28.9189855,0.31,37,539,3267,8511,12201,14879
734,Kazlıçeşme,Zeytinburnu,2078,%0.79418,40.9926732,28.9168903,1.6,3,47,286,745,1068,1302
744,Maltepe,Zeytinburnu,2592,%0.99062,41.0277775,28.9096922,0.77,4,59,357,929,1332,1624