,ID,Neighborhood,District,Area,Population Density,Population,Multiplier,Latitude,Longitude,EV at P1,EV at P2,EV at P3,EV at P4,EV at P5,EV at P6
District:,,,,,,Toplam:,,,,Toplam:,Toplam:,Toplam:,Toplam:,Toplam:,Toplam:
Arnavutköy,,,,,,261655,,,,53,1047,8570,31764,63050,86728
,306,Anadolu,Arnavutköy,1.5,21607,33177,%12.67967,41.1851685,28.7494522,7,133,1087,4028,7995,10997
,421,Yunus Emre,Arnavutköy,1.1,14919,16085,%6.14741,41.1851922,28.7605273,3,64,527,1953,3876,5332
,479,Boğazköy Atatürk,Arnavutköy,0.65,11965,7726,%2.95274,41.184471,28.7412446,2,31,253,938,1862,2561
,481,Arnavutköy İslambey,Arnavutköy,1.6,11923,18832,%7.19726,41.184745,28.7411081,4,75,617,2286,4538,6242
,539,Mustafa Kemal Paşa,Arnavutköy,1.3,9630,12585,%4.80977,41.1868267,28.7358834,3,50,412,1528,3033,4171
,582,Nenehatun,Arnavutköy,1.2,6756,8344,%3.18893,41.2018343,28.7289861,2,33,273,1013,2011,2766
,585,Karlıbayır,Arnavutköy,1.3,6491,8308,%3.17517,41.1817543,28.7149951,2,33,272,1009,2002,2754
,607,Arnavutköy Yavuzselim,Arnavutköy,2.1,5460,11217,%4.28694,41.184471,28.7412446,2,45,367,1362,2703,3718
,623,Mavigöl,Arnavutköy,1.6,4782,7412,%2.83274,41.2042176,28.764377,1,30,243,900,1786,2457
,643,Taşoluk,Arnavutköy,1.6,3694,5816,%2.22277,41.1960582,28.7167959,1,23,190,706,1401,1928
,657,Hicret,Arnavutköy,0.98,3155,3086,%1.17942,41.197665,28.7551223,1,12,101,375,744,1023
,663,Taşoluk Mehmet Akif Ersoy,Arnavutköy,2.1,3023,6349,%2.42648,41.210753,28.7123431068948,1,25,208,771,1530,2104
,676,Arnavutköy Merkez,Arnavutköy,6.7,2771,18695,%7.14490,41.1823968,28.7426319,4,75,612,2270,4505,6197
,686,Durusu Zafer,Arnavutköy,0.35,2248,792,%0.30269,41.184471,28.7412446,0,3,26,96,191,263
,689,Hadımköy,Arnavutköy,10.1,2146,21598,%8.25438,41.1585587,28.6212692,4,86,707,2622,5204,7159
,694,Taşoluk M. Fevzi Çakmak,Arnavutköy,2.6,1804,4611,%1.76224,41.210753,28.7123431068948,1,18,151,560,1111,1528
,698,Taşoluk Adnan Menderes,Arnavutköy,2.3,1757,3996,%1.52720,41.184471,28.7412446,1,16,131,485,963,1325
,707,Hastane,Arnavutköy,5.7,1446,8205,%3.13581,41.153773,28.6194517,2,33,269,996,1977,2720
,733,Taşoluk Fatih,Arnavutköy,2.5,991,2484,%0.94934,41.210753,28.7123431068948,1,10,81,302,599,823
,737,Haraççı,Arnavutköy,8.7,954,8297,%3.17097,41.1763646,28.7024285,2,33,272,1007,1999,2750
,741,Deliklikaya,Arnavutköy,5.7,847,4857,%1.85626,41.1115232,28.6545292,1,19,159,590,1170,1610
,748,Ömerli,Arnavutköy,10.8,633,6818,%2.60572,41.1161343,28.6380008,1,27,223,828,1643,2260
,754,Bolluca Merkez,Arnavutköy,12.1,579,6984,%2.66916,41.184471,28.7412446,1,28,229,848,1683,2315
,771,Boğazköy İstiklal,Arnavutköy,29.4,337,9925,%3.79316,41.1816651,28.7738364,2,40,325,1205,2392,3290
,774,Arnavutköy İmrahor,Arnavutköy,33.2,302,10052,%3.84170,41.2560325,28.7426028,2,40,329,1220,2422,3332
,791,Karaburun,Arnavutköy,7.5,202,1521,%0.58130,41.3458809,28.6820201,0,6,50,185,367,504
,797,Tayakadın,Arnavutköy,35.3,149,5242,%2.00340,41.269504,28.689606,1,21,172,636,1263,1738
,814,Taşoluk Çilingir,Arnavutköy,12,89.5,1072,%0.40970,41.184471,28.7412446,0,4,35,130,258,355
,829,Sazlıbosna,Arnavutköy,17.1,67.1,1149,%0.43913,41.1557323,28.673678,0,5,38,139,277,381
,832,Terkos,Arnavutköy,15.1,61.9,935,%0.35734,41.303644,28.6760707,0,4,31,114,225,310
,844,Baklalı,Arnavutköy,17.6,46.9,825,%0.31530,41.258862,28.652605,0,3,27,100,199,273
,848,Yeniköy,Arnavutköy,31.5,44.3,1397,%0.53391,41.3178498,28.7231106,0,6,46,170,337,463
,853,Yeşilbayır,Arnavutköy,14.2,42.3,600,%0.22931,41.1302002,28.6085615,0,2,20,73,145,199
,891,Boyalık,Arnavutköy,27.1,24.8,674,%0.25759,41.2634653,28.6293234,0,3,22,82,162,223
,905,Hacımaşlı,Arnavutköy,28.6,19.3,551,%0.21058,41.155584,28.7145992,0,2,18,67,133,183
,916,Dursunköy,Arnavutköy,26.4,17.6,464,%0.17733,41.2041032,28.6362006,0,2,15,56,112,154
,930,Balaban,Arnavutköy,29.8,13.8,413,%0.15784,41.3098086,28.6137897,0,2,14,50,100,137
,931,Yassıören,Arnavutköy,41.1,13.7,561,%0.21440,41.234817,28.595838,0,2,18,68,135,186
Ataşehir,,,,,,423372,,,,422,5613,31902,87355,142405,181171
,210,Aşıkveysel,Ataşehir,0.42,31612,13225,%3.12373,41.0045725,29.091795,13,175,997,2729,4448,5659
,225,Fetih,Ataşehir,0.42,29144,12218,%2.88588,41.0046423,29.0762052,12,162,921,2521,4110,5228
,229,Örnek,Ataşehir,0.96,28712,27615,%6.52263,40.9956672,29.0784307,28,366,2081,5698,9289,11817
,242,Esatpaşa,Ataşehir,0.99,27272,26866,%6.34572,41.0049779,29.0828597,27,356,2024,5543,9037,11497
,267,Mustafa Kemal,Ataşehir,0.6,24979,15033,%3.55078,41.001533,29.0952356,15,199,1133,3102,5057,6433
,278,Mevlana,Ataşehir,0.8,23601,18832,%4.44810,40.9858884,29.1532413,19,250,1419,3886,6334,8059
,285,İnönü,Ataşehir,1.2,22867,28456,%6.72128,40.9772942,29.1385217,28,377,2144,5871,9571,12177
,291,Kayışdağı,Ataşehir,1.8,22630,41757,%9.86296,40.9836971,29.1431977,42,554,3146,8616,14045,17869
,310,Mimarsinan,Ataşehir,0.5,21210,10637,%2.51245,40.9929379,29.1135187,11,141,802,2195,3578,4552
,311,İçerenköy,Ataşehir,3.6,21205,76344,%18.03237,40.9701086,29.1110569,76,1012,5753,15752,25679,32669
,350,Yeniçamlıca,Ataşehir,0.74,19142,14109,%3.33253,40.9929379,29.1135187,14,187,1063,2911,4746,6038
,400,Yenisahra,Ataşehir,0.71,16164,11428,%2.69928,40.9887283,29.0906789,11,152,861,2358,3844,4890
,402,Yenişehir,Ataşehir,0.82,15932,13016,%3.07436,40.9939446,29.140645,13,173,981,2686,4378,5570
,457,Küçükbakkalköy,Ataşehir,2.3,12777,29032,%6.85733,40.9803353,29.1130781,29,385,2188,5990,9765,12424
,485,Atatürk,Ataşehir,2.5,11843,30063,%7.10085,40.9908392,29.1265531,30,399,2265,6203,10112,12865
,505,Barbaros,Ataşehir,2.9,11065,32487,%7.67339,40.9902522,29.1035997,32,431,2448,6703,10927,13902
,599,Ferhatpaşa,Ataşehir,3.8,5825,22254,%5.25637,40.9860474,29.1803805,22,295,1677,4592,7485,9523
Avcılar,,,,,,435682,,,,140,2438,17774,59702,110790,148012
,89,Mustafa Kemal Paşa,Avcılar,0.93,50617,47027,%10.79388,41.0017915,28.7060425,15,263,1919,6444,11959,15976
,171,Merkez,Avcılar,0.86,37079,31820,%7.30349,40.9818362,28.7223189,10,178,1298,4360,8092,10810
,179,Gümüşpala,Avcılar,1.1,35971,41317,%9.48329,40.98106,28.7357032,13,231,1686,5662,10507,14036
,241,Denizköşkler,Avcılar,1.7,27287,45942,%10.54485,40.9764683,28.7330024,15,257,1874,6295,11683,15608
,315,Ambarlı,Avcılar,1.8,21054,38318,%8.79495,40.9737318,28.7141652,12,214,1563,5251,9744,13018
,397,Cihangir,Avcılar,3.8,16300,62149,%14.26476,40.9873293,28.7097252,20,348,2535,8516,15804,21113
,434,Yeşilkent,Avcılar,5.1,14168,71783,%16.47601,41.031415,28.7023797,23,402,2928,9837,18254,24386
,568,Üniversite,Avcılar,2.8,7623,21621,%4.96256,40.99205525,28.7229540545493,7,121,882,2963,5498,7345
,625,Tahtakale,Avcılar,11.4,4657,53209,%12.21281,41.0585293,28.728009,17,298,2171,7291,13531,18076
,695,Firuzköy,Avcılar,12.5,1800,22496,%5.16340,41.0085033,28.7100714,7,126,918,3083,5721,7642
Bağcılar,,,,,,748483,,,,245,3853,25580,79470,140111,183381
,5,Yenigün,Bağcılar,0.57,82759,23112,%3.08785,41.0226361,28.8590918,5,83,553,1717,3027,3962
,28,Fatih,Bağcılar,0.81,81140,45242,%6.04449,41.0518502,28.8450387,10,163,1082,3361,5925,7755
,31,Yıldıztepe,Bağcılar,1.1,78772,40160,%5.36552,41.0261986,28.8556979,9,145,960,2983,5260,6884
,32,Çınar,Bağcılar,0.96,74494,36588,%4.88829,41.0368162,28.8605304,8,132,875,2718,4792,6272
,45,Kemalpaşa,Bağcılar,0.7,59967,34581,%4.62015,41.0511389,28.8514469,8,125,827,2569,4529,5928
,55,Kâzım Karabekir,Bağcılar,1.1,52796,28688,%3.83282,41.0256078,28.8455217,7,103,686,2131,3757,4917
,83,Demirkapı,Bağcılar,0.53,49501,55446,%7.40778,41.0497862,28.8367479,13,200,1326,4119,7261,9504
,90,Barbaros,Bağcılar,2,36835,21929,%2.92979,41.0245293,28.8387167,5,79,524,1629,2872,3759
,93,İnönü,Bağcılar,1.3,26433,24735,%3.30468,41.0328836,28.8541921,6,89,591,1837,3239,4240
,95,Sancaktepe,Bağcılar,3.2,19452,19528,%2.60901,41.0366758,28.8571152,4,70,467,1451,2557,3347
,99,Fevzi Çakmak,Bağcılar,4.4,7805,35448,%8.37278,41.0457899,28.8556182,14,226,1498,4655,8207,10742
,117,Kirazlı,Bağcılar,,,43390,%10.24867,41.0318236,28.8422874,18,276,1834,5698,10046,13149
,122,Yenimahalle,Bağcılar,0.23,29809,34907,%8.24499,41.0416128,28.8397196,14,222,1476,4584,8082,10578
,124,Yavuzselim,Bağcılar,0.19,28679,28833,%6.81032,41.0355961,28.8516841,12,184,1219,3786,6676,8738
,136,Hürriyet,Bağcılar,1.3,28268,25196,%5.95127,41.0278845,28.8308208,10,160,1065,3309,5834,7635
,163,Güneşli,Bağcılar,0.38,21258,46831,%11.06143,41.0330866,28.8305182,19,298,1980,6150,10843,14192
,169,Yüzüncü Yıl,Bağcılar,0.29,18610,49136,%11.60587,41.0603851,28.85286,20,313,2077,6453,11377,14890
,215,Merkez,Bağcılar,0.64,12669,26146,%6.17566,41.0323551,28.8633027,11,166,1105,3434,6054,7923
,247,Evren,Bağcılar,2.1,11918,50755,%11.98828,41.0378945,28.8195777,21,323,2145,6665,11752,15381
,281,Göztepe,Bağcılar,1.8,11368,37553,%8.86998,41.0605086,28.835553,15,239,1587,4932,8695,11380
,491,Bağlar,Bağcılar,0.69,11333,15683,%3.70431,41.0228866,28.8248289,6,100,663,2060,3631,4753
,613,Mahmutbey,Bağcılar,1.2,11131,24596,%5.80955,41.0551119,28.8306301,10,157,1040,3230,5695,7454
Bahçelievler,,,,,,598454,,,,187,2913,19148,59005,103488,135177
,7,Hürriyet,Bahçelievler,3,9388,47377,%7.91657,40.9941482,28.8411642,15,231,1516,4671,8193,10701
,9,Siyavuşpaşa,Bahçelievler,1.6,3814,65868,%11.00636,40.9988133,28.8541961,21,321,2107,6494,11390,14878
,13,Zafer,Bahçelievler,0.64,2622,85464,%14.28080,41.0007517,28.8375769,27,416,2734,8426,14779,19304
,18,Soğanlı,Bahçelievler,13.3,1794,71388,%11.92874,41.0109005,28.8555162,22,347,2284,7039,12345,16125
,49,Cumhuriyet,Bahçelievler,,,41720,%6.97130,41.0171118,28.8529333,13,203,1335,4113,7214,9424
,77,Şirinevler,Bahçelievler,0.84,52713,57641,%9.63165,40.9956523,28.8486348,18,281,1844,5683,9968,13020
,94,Fevzi Çakmak,Bahçelievler,0.23,44120,26191,%4.37644,41.0016533,28.8329435,8,127,838,2582,4529,5916
,173,Kocasinan,Bahçelievler,0.81,42019,72738,%12.15432,41.0170357,28.8419751,23,354,2327,7172,12578,16430
,250,Çobançeşme,Bahçelievler,1.5,35666,33552,%5.60645,41.0043769,28.826637,10,163,1074,3308,5802,7579
,340,Bahçelievler,Bahçelievler,0.59,32398,61832,%10.33196,40.9954814,28.8633136,19,301,1978,6096,10692,13966
,566,Yenibosna,Bahçelievler,0.49,31994,34683,%5.79543,41.0134935,28.8251315,11,169,1110,3420,5998,7834
Bakırköy,,,,,,222370,,,,484,5657,28610,71461,110460,138153
,220,Yenimahalle,Bakırköy,0.84,22331,6953,%3.12677,40.9795971,28.8795876,15,177,895,2234,3454,4320
,230,Cevizlik,Bakırköy,1.3,22260,5363,%2.41175,40.9785065,28.8755338,12,136,690,1723,2664,3332
,236,Kartaltepe,Bakırköy,0.81,18332,37778,%16.98880,40.9852114,28.8759551,82,961,4861,12140,18766,23471
,308,Sakızağacı,Bakırköy,1.7,12394,8137,%3.65922,40.9777116,28.8792335,18,207,1047,2615,4042,5055
,358,Zeytinlik,Bakırköy,,,5376,%2.41759,40.9789622,28.8724028,12,137,692,1728,2670,3340
,461,Ataköy 3-4-11. kısım,Bakırköy,0.27,84843,8150,%3.66506,40.9812802,28.8594558,18,207,1049,2619,4048,5063
,482,Ataköy 7-8-9-10. kısım,Bakırköy,0.66,68402,24444,%10.99249,40.9863878,28.8464657,53,622,3145,7855,12142,15186
,494,Zuhuratbaba,Bakırköy,0.6,66463,20966,%9.42843,40.9824138,28.8711297,46,533,2697,6738,10415,13026
,497,Yeşilyurt,Bakırköy,0.55,66380,7816,%3.51486,40.964175,28.8381027,17,199,1006,2512,3883,4856
,504,Ataköy 2-5-6. kısım,Bakırköy,0.57,60866,13671,%6.14786,40.977617,28.8577878,30,348,1759,4393,6791,8493
,530,Osmaniye,Bakırköy,0.5,57400,24126,%10.84949,40.9938982,28.8795871,53,614,3104,7753,11984,14989
,542,Şenlikköy,Bakırköy,1.1,51597,28206,%12.68426,40.9811494,28.7951449,61,718,3629,9064,14011,17524
,640,Basınköy,Bakırköy,0.44,50038,5932,%2.66763,40.979703,28.780426,13,151,763,1906,2947,3685
,679,Ataköy 1. kısım,Bakırköy,0.5,49562,1667,%0.74965,40.9772983,28.8675799,4,42,214,536,828,1036
,696,Yeşilköy,Bakırköy,0.4,49289,23785,%10.69614,40.9589829,28.8225574,52,605,3060,7644,11815,14777
Başakşehir,,,,,,396665,,,,156,2090,11997,33104,54216,69082
,511,Altınşehir,Başakşehir,0.94,46122,14859,%3.74598,41.0689001,28.7529076,6,78,449,1240,2031,2588
,541,Güvercintepe,Başakşehir,0.78,44992,55783,%14.06300,41.0771522,28.7518808,22,294,1687,4655,7624,9715
,573,Başakşehir,Başakşehir,0.64,44894,58445,%14.73410,41.1060988,28.7907747,23,308,1768,4878,7988,10179
,598,Başak,Başakşehir,0.58,43222,70258,%17.71218,41.1034651,28.803761,28,370,2125,5863,9603,12236
,608,Kayabaşı,Başakşehir,1.2,38177,74815,%18.86100,41.1112184,28.7427125,29,394,2263,6244,10226,13030
,624,Bahçeşehir 2. Kısım,Başakşehir,1.3,37356,41437,%10.44635,41.0664773,28.6780738,16,218,1253,3458,5664,7217
,666,Bahçeşehir 1. Kısım,Başakşehir,0.86,30484,24548,%6.18860,41.0638399,28.6911793,10,129,742,2049,3355,4275
,667,Şahintepe,Başakşehir,1.9,26817,34138,%8.60625,41.0731284,28.7264938,13,180,1032,2849,4666,5945
,708,Ziya Gökalp,Başakşehir,1.6,23064,21113,%5.32263,41.0751841,28.7879081,8,111,639,1762,2886,3677
,795,Şamlar,Başakşehir,1.4,11425,1269,%0.31992,41.1249095,28.7390683,0,7,38,106,173,221
Bayrampaşa,,,,,,274197,,,,193,3074,20631,64666,114665,150409
,78,Kartaltepe,Bayrampaşa,,,44460,%16.21462,41.054732,28.9034132,31,499,3345,10485,18593,24388
,129,Vatan,Bayrampaşa,1.4,10911,10015,%3.65248,41.0344293,28.9070683,7,112,754,2362,4188,5494
,140,Muratpaşa,Bayrampaşa,5.9,9414,33908,%12.36629,41.0473011,28.9062926,24,380,2551,7997,14180,18600
,181,Yıldırım,Bayrampaşa,8.1,7185,53027,%19.33902,41.0637573,28.8914625,37,595,3990,12506,22175,29088
,202,Cevatpaşa,Bayrampaşa,12,5851,19093,%6.96324,41.070013,28.8848582,13,214,1437,4503,7984,10473
,206,Terazidere,Bayrampaşa,13.8,5408,15723,%5.73420,41.0327472,28.9014113,11,176,1183,3708,6575,8625
,231,İsmetpaşa,Bayrampaşa,8.7,4770,14605,%5.32646,41.0416528,28.9066208,10,164,1099,3444,6108,8011
,295,Yenidoğan,Bayrampaşa,8.3,2952,18696,%6.81846,41.0372934,28.9122554,13,210,1407,4409,7818,10256
,297,Altıntepsi,Bayrampaşa,11.6,2951,28293,%10.31849,41.0388737,28.9015865,20,317,2129,6673,11832,15520
,362,Orta,Bayrampaşa,14.6,1443,14929,%5.44463,41.0333118,28.9125943,11,167,1123,3521,6243,8189
,470,Kocatepe,Bayrampaşa,7.1,179,21448,%7.82211,41.0484385,28.8955023,15,240,1614,5058,8969,11765
Beşiktaş,,,,,,185447,,,,648,6168,26034,56725,81564,99986
,42,Muradiye,Beşiktaş,1.6,13862,5048,%2.72207,41.0480949,28.9989975,18,168,709,1544,2220,2722
,130,Türkali,Beşiktaş,0.89,13116,10346,%5.57895,41.047674,29.0023049,36,344,1452,3165,4550,5578
,174,Abbasağa,Beşiktaş,0.5,12811,5288,%2.85149,41.0495742,29.0051707,18,176,742,1618,2326,2851
,248,Dikilitaş,Beşiktaş,0.94,11901,16893,%9.10934,41.0554313,29.0048495,59,562,2371,5167,7430,9108
,273,Gayrettepe,Beşiktaş,0.83,9766,14530,%7.83512,41.0622256,29.0061911,51,483,2040,4444,6391,7834
,300,Mecidiye,Beşiktaş,2,9184,10766,%5.80543,41.0520844,29.0203549,38,358,1511,3293,4735,5805
,425,Sinanpaşa,Beşiktaş,2.3,8977,2534,%1.36643,41.0428133,29.0048711,9,84,356,775,1115,1366
,431,Ulus,Beşiktaş,2.4,7956,7159,%3.86040,41.0646636,29.0270709,25,238,1005,2190,3149,3860
,438,Cihannüma,Beşiktaş,0.56,6923,3898,%2.10195,41.0470226,29.0080617,14,130,547,1192,1714,2102
,476,Nisbetiye,Beşiktaş,2.5,5776,12435,%6.70542,41.0718257,29.0222477,43,414,1746,3804,5469,6704
,523,Akatlar,Beşiktaş,1,5405,15624,%8.42505,41.08686495,29.0235417246378,55,520,2193,4779,6872,8424
,527,Vişnezade,Beşiktaş,4,3867,6758,%3.64417,41.0416345,28.9982257,24,225,949,2067,2972,3644
,532,Ortaköy,Beşiktaş,0.73,3851,9556,%5.15295,41.0546272,29.0281901,33,318,1342,2923,4203,5152
,533,Etiler,Beşiktaş,2.6,3827,12023,%6.48325,41.0840093,29.0366077,42,400,1688,3678,5288,6482
,551,Arnavutköy,Beşiktaş,1.3,3215,3933,%2.12082,41.0683942,29.0411538,14,131,552,1203,1730,2121
,558,Levazım,Beşiktaş,0.99,2664,6142,%3.31200,41.0627178,29.0194489,21,204,862,1879,2701,3312
,581,Kültür,Beşiktaş,3.4,2331,4925,%2.65575,41.0728647,29.032359,17,164,691,1506,2166,2655
,593,Balmumcu,Beşiktaş,3.6,1693,3889,%2.09710,41.0590382,29.0147694,14,129,546,1190,1710,2097
,597,Konaklar,Beşiktaş,5.4,1346,15350,%8.27730,41.0949484,29.0152313,54,511,2155,4695,6751,8276
,604,Yıldız,Beşiktaş,4.1,1311,6232,%3.36053,41.0479707,29.0145236,22,207,875,1906,2741,3360
,621,Bebek,Beşiktaş,3.6,1205,5891,%3.17665,41.0790159,29.0439589,21,196,827,1802,2591,3176
,650,Kuruçeşme,Beşiktaş,3.7,1083,3082,%1.66193,41.0623719,29.03454,11,103,433,943,1356,1662
,665,Levent,Beşiktaş,4.8,1038,3145,%1.69590,41.0815723,29.0169502,11,105,442,962,1383,1696
Beykoz,,,,,,251087,,,,225,3858,27779,92332,170148,226656
,439,Kavacık,Beykoz,3.3,611,22371,%8.90966,41.0930051,29.0861909,20,344,2477,8235,15175,20215
,451,Çiğdem,Beykoz,4.6,593,11619,%4.62748,41.1103916,29.0996225,10,179,1287,4277,7882,10499
,455,Çamlıbahçe,Beykoz,5.2,401,6405,%2.55091,41.1486212,29.0831591,6,99,709,2358,4345,5788
,483,Soğuksu,Beykoz,13.5,374,11133,%4.43392,41.1132417,29.1075374,10,171,1233,4098,7552,10060
,536,Ortaçeşme,Beykoz,3.5,278,8065,%3.21203,41.1454717,29.0873267,7,124,893,2969,5471,7288
,546,İncirköy,Beykoz,11.8,260,18130,%7.22060,41.1186424,29.1000211,16,279,2008,6674,12298,16382
,548,Çubuklu,Beykoz,10.6,186,21051,%8.38395,41.105633,29.08403,19,324,2331,7749,14280,19022
,563,Yenimahalle,Beykoz,8.6,176,19458,%7.74951,41.06711325,29.0880133515378,17,299,2155,7162,13199,17582
,579,Paşabahçe,Beykoz,16.1,112,3894,%1.55086,41.1158743,29.0954233,3,60,431,1433,2641,3519
,600,Gümüşsuyu,Beykoz,5.7,111,14232,%5.66815,41.1274751,29.1019054,13,219,1576,5239,9654,12860
,609,Yalıköy,Beykoz,8.6,108,5471,%2.17893,41.1376015,29.0859262,5,84,606,2014,3711,4944
,636,Tokatköy,Beykoz,12.4,104,15449,%6.15285,41.1512733,29.0902937,14,238,1711,5687,10480,13960
,637,Göksu,Beykoz,22.5,99.2,2830,%1.12710,41.0788847,29.0735518,3,44,313,1042,1920,2557
,639,Göztepe,Beykoz,12.1,87.4,10016,%3.98906,41.081094,29.0800249,9,154,1109,3687,6794,9051
,655,Kanlıca,Beykoz,11.2,68.0,4242,%1.68945,41.0997201,29.0660785,4,65,470,1561,2877,3833
,677,Anadoluhisarı,Beykoz,10.6,44.9,2644,%1.05302,41.08212885,29.0670471152512,2,41,293,973,1794,2389
,683,Rüzgarlıbahçe,Beykoz,17,44.2,8011,%3.19053,41.0951633,29.0989642,7,123,887,2949,5434,7239
,703,Merkez,Beykoz,16.4,33.3,6064,%2.41510,41.1344539,29.0926456,5,93,672,2232,4113,5479
,711,Acarlar,Beykoz,14.3,33.3,7319,%2.91493,41.1124198,29.1268607,7,113,811,2694,4965,6613
,713,Çiftlik,Beykoz,14.7,16.6,5358,%2.13392,41.0805835,29.1402268,5,82,593,1972,3634,4842
,720,Fatih,Beykoz,29.4,12.8,4342,%1.72928,41.0903014,29.1239233,4,67,481,1598,2945,3923
,728,Örnekköy,Beykoz,,,3982,%1.58590,41.1424229,29.1459882,4,61,441,1466,2701,3598
,731,Çengeldere,Beykoz,0.96,21693,5005,%1.99333,41.0950772,29.1461826,4,77,554,1842,3395,4523
,746,Elmalı,Beykoz,2.6,20286,2989,%1.19042,41.1368318,29.1324278,3,46,331,1100,2028,2701
,750,Görele,Beykoz,4.6,18865,2020,%0.80450,41.1154704,29.1476182,2,31,224,744,1370,1825
,751,Akbaba,Beykoz,1.2,17975,2726,%1.08568,41.1504431,29.1154018,2,42,302,1003,1849,2463
,766,Anadolukavağı,Beykoz,2.5,7737,2104,%0.83796,41.17391,29.0886888,2,32,233,774,1427,1901
,768,Yavuz Selim,Beykoz,7.3,5986,5072,%2.02002,41.0810813,29.1566828,5,78,562,1867,3440,4583
,778,Zerzavatçı,Beykoz,5.3,5232,980,%0.39030,41.1273125,29.1591177,1,15,109,361,665,886
,780,Baklacı,Beykoz,5.5,4790,3062,%1.21950,41.062799,29.1602813,3,47,339,1127,2077,2767
,794,Cumhuriyet,Beykoz,1.5,2894,1966,%0.78300,41.1290646,29.2607444,2,30,218,724,1334,1776
,796,Dereseki,Beykoz,6.6,1765,1513,%0.60258,41.1519802,29.1298336,1,23,168,557,1026,1367
,804,Mahmutşevketpaşa,Beykoz,,,1808,%0.72007,41.1521358,29.1889169,2,28,200,666,1226,1634
,805,Kaynarca,Beykoz,0.14,72513,627,%0.24971,41.1801623,29.159345,1,10,69,231,425,567
,808,Poyrazköy,Beykoz,0.049,63495,923,%0.36760,41.2062962,29.1334292,1,14,102,340,626,834
,809,İshaklı,Beykoz,0.11,55422,1283,%0.51098,41.1396911,29.3027862,1,20,142,472,870,1159
,811,Riva,Beykoz,0.053,51825,2237,%0.89093,41.2243486,29.2183153,2,34,248,823,1517,2021
,817,Paşamandıra,Beykoz,0.41,48196,1055,%0.42017,41.1842575,29.2500105,1,16,117,388,716,953
,827,Alibahadır,Beykoz,0.49,47589,764,%0.30428,41.1796835,29.2030899,1,12,85,281,518,690
,846,Öğümce,Beykoz,0.33,47265,477,%0.18997,41.1632847,29.2667068,0,7,53,176,324,431
,849,Anadolufeneri,Beykoz,0.2,46560,750,%0.29870,41.2167549,29.1533999,1,12,83,276,509,678
,868,Kılıçlı,Beykoz,0.34,45817,545,%0.21706,41.1529478,29.2997991,0,8,60,201,370,492
,869,Bozhane,Beykoz,0.086,43557,475,%0.18918,41.1642867,29.2724593,0,7,53,175,322,429
,924,Göllü,Beykoz,0.11,41497,243,%0.05740,41.1752914,29.271656,0,2,16,53,98,130
,937,Polonezköy,Beykoz,0.094,41435,377,%0.08905,41.1100356,29.2118111,0,3,25,82,152,202
Beylikdüzü,,,,,,314662,,,,101,1558,10136,30961,53999,70383
,304,Büyükşehir,Beylikdüzü,0.062,39812,20795,%4.91176,41.0088557,28.647306,6,92,595,1818,3171,4133
,323,Barış,Beylikdüzü,0.1,39618,51900,%12.25872,40.9989064,28.6522529,15,228,1486,4538,7915,10316
,356,Adnan Kahveci,Beylikdüzü,0.38,37393,86584,%20.45105,40.9950801,28.6256531,25,381,2478,7571,13204,17210
,369,Cumhuriyet,Beylikdüzü,0.4,33275,21674,%5.11937,41.0098335,28.6412468,6,95,620,1895,3305,4308
,567,Gürpınar,Beylikdüzü,0.5,31619,19557,%4.61934,40.9898645,28.6110486,6,86,560,1710,2982,3887
,594,Yakuplu,Beylikdüzü,0.11,31069,43962,%13.97118,40.990113,28.6700436,17,260,1693,5172,9020,11757
,612,Kavaklı,Beylikdüzü,0.093,26839,27566,%8.76051,40.9819486,28.6403256,11,163,1062,3243,5656,7372
,622,Marmara,Beylikdüzü,0.54,19564,26537,%8.43349,40.9818388,28.6718702,10,157,1022,3122,5445,7097
,670,Sahil,Beylikdüzü,0.14,18950,4443,%1.41199,40.9706957,28.6486713728992,2,26,171,523,912,1188
,697,Dereağzı,Beylikdüzü,0.68,18395,11644,%3.70048,40.986396,28.6166853,4,69,448,1370,2389,3114
Beyoğlu,,,,,,236606,,,,341,4636,26864,74706,122921,156876
,20,Kadı Mehmet Efendi,Beyoğlu,0.11,17346,10172,%4.29913,41.0344208,28.9639158,15,199,1155,3212,5285,6744
,35,Kalyoncukulluğu,Beyoğlu,0.096,15608,3108,%1.31358,41.0284233,28.9736808,4,61,353,981,1615,2061
,67,Yenişehir,Beyoğlu,0.092,14808,5823,%2.46105,41.0422931,28.9781545,8,114,661,1839,3025,3861
,82,Çukur,Beyoğlu,0.11,13778,2735,%1.15593,41.0371981,28.9780949,4,54,311,864,1421,1813
,98,Kaptanpaşa,Beyoğlu,0.065,13549,19818,%8.37595,41.0422767,28.963838,29,388,2250,6257,10296,13140
,103,Piyalepaşa,Beyoğlu,0.17,12439,23469,%9.91902,41.0482626,28.9622478,34,460,2665,7410,12193,15561
,105,Fetihtepe,Beyoğlu,0.24,10321,15490,%6.54675,41.0482932,28.9568753,22,304,1759,4891,8047,10270
,115,Küçükpiyale,Beyoğlu,0.083,10112,9312,%3.93566,41.0284233,28.9736808,13,182,1057,2940,4838,6174
,119,Hacıahmet,Beyoğlu,0.086,9670,15383,%6.50153,41.042188,28.9739405,22,301,1747,4857,7992,10199
,133,Yahya Kahya,Beyoğlu,0.24,8836,3733,%1.57773,41.0339473,28.9715307,5,73,424,1179,1939,2475
,142,Sururi,Beyoğlu,0.072,7146,4388,%1.85456,41.0368412,28.9723566,6,86,498,1385,2280,2909
,144,Bülbül,Beyoğlu,0.42,6742,3883,%1.64112,41.0391626,28.9798827,6,76,441,1226,2017,2575
,145,Kulaksız,Beyoğlu,0.34,6215,9706,%4.10218,41.0376925,28.9607963,14,190,1102,3065,5042,6435
,151,Bostan,Beyoğlu,0.064,5770,2468,%1.04308,41.0387892,28.9762524,4,48,280,779,1282,1636
,153,Firuzağa,Beyoğlu,0.073,5520,4046,%1.71002,41.030196,28.9806703,6,79,459,1277,2102,2683
,168,Keçecipiri,Beyoğlu,0.086,5375,14386,%6.08015,41.0284233,28.9736808,21,282,1633,4542,7474,9538
,195,Halıcıoğlu,Beyoğlu,0.064,4451,13274,%5.61017,41.0488286,28.9496751,19,260,1507,4191,6896,8801
,209,Piripaşa,Beyoğlu,0.24,3111,15706,%6.63804,41.0284233,28.9736808,23,308,1783,4959,8160,10413
,213,Cihangir,Beyoğlu,0.062,1947,3482,%1.47164,41.0330402,28.9853187,5,68,395,1099,1809,2309
,246,Çatmamescit,Beyoğlu,0.14,905,2504,%1.05830,41.0284233,28.9736808,4,49,284,791,1301,1660
,337,Örnektepe,Beyoğlu,0.16,583,10556,%4.46143,41.0576074,28.9514562,15,207,1199,3333,5484,6999
,354,Tomtom,Beyoğlu,,,2657,%1.12296,41.0302066,28.9775437,4,52,302,839,1380,1762
,361,Sütlüce,Beyoğlu,0.081,62042,12474,%5.27206,41.0510201,28.944692,18,244,1416,3939,6480,8271
,377,İstiklal,Beyoğlu,0.24,43960,4481,%1.89387,41.0416191,28.9692374,6,88,509,1415,2328,2971
,381,Pürtelaş,Beyoğlu,0.14,36746,1872,%0.79119,41.0306987,28.9876883420653,3,37,213,591,973,1241
,410,Şehit Muhtar,Beyoğlu,0.64,26466,1493,%0.63101,41.0367537,28.9818695,2,29,170,471,776,990
,424,Hacımimi,Beyoğlu,0.6,24288,1368,%0.57818,41.0268054,28.9782783,2,27,155,432,711,907
,442,Kuloğlu,Beyoğlu,0.49,21967,1463,%0.61833,41.0329638,28.9802501,2,29,166,462,760,970
,444,Kamerhatun,Beyoğlu,0.17,14670,886,%0.37446,41.0284233,28.9736808,1,17,101,280,460,587
,467,Kocatepe,Beyoğlu,0.5,14273,2136,%0.90277,41.0395972,28.9835719,3,42,243,674,1110,1416
,525,Kılıçalipaşa,Beyoğlu,0.28,13965,2476,%1.04647,41.0284233,28.9736808,4,49,281,782,1286,1642
,529,Şahkulu,Beyoğlu,1,12153,840,%0.35502,41.0276403,28.9745318,1,16,95,265,436,557
,538,Katip Mustafa Çelebi,Beyoğlu,1.5,10356,834,%0.35248,41.0344829,28.9830132,1,16,95,263,433,553
,549,Ömeravni,Beyoğlu,0.66,10244,2092,%0.88417,41.0284233,28.9736808,3,41,238,661,1087,1387
,575,Müeyyetzade,Beyoğlu,0.97,9867,518,%0.21893,41.0263377,28.9747764,1,10,59,164,269,343
,583,Camiikebir,Beyoğlu,1.2,9854,2854,%1.20622,41.0349693,28.9593139,4,56,324,901,1483,1892
,589,Gümüşsuyu,Beyoğlu,0.45,8756,2109,%0.89136,41.037184,28.9885081,3,41,239,666,1096,1398
,601,Hüseyinağa,Beyoğlu,0.76,8119,368,%0.15553,41.0349849,28.9784671,1,7,42,116,191,244
,606,Bereketzade,Beyoğlu,0.72,6826,405,%0.17117,41.0253357,28.9733181,1,8,46,128,210,269
,610,Asmalımescit,Beyoğlu,0.65,5988,463,%0.19568,41.0284233,28.9736808,1,9,53,146,241,307
,629,Evliya Çelebi,Beyoğlu,2.6,5864,283,%0.11961,41.0303999,28.9731508,0,6,32,89,147,188
,661,Bedrettin,Beyoğlu,1.1,5581,752,%0.31783,41.0289452,28.9688617,1,15,85,237,391,499
,693,Emekyemez,Beyoğlu,1.2,4880,121,%0.05114,41.0260034,28.9703855,0,2,14,38,63,80
,739,Kemankeş Kara Mustafa Paşa,Beyoğlu,0.9,3412,128,%0.05410,41.0284233,28.9736808,0,3,15,40,66,85
,752,Arapcami,Beyoğlu,1.1,2956,91.0,%0.03846,41.0284233,28.9736808,0,2,10,29,47,60
Büyükçekmece,,,,,,243474,,,,156,2629,18543,60571,110339,146293
,418,Atatürk,Büyükçekmece,1.2,15106,18711,%7.68501,41.0122636,28.6004016,12,202,1425,4655,8480,11243
,446,Mimaroba,Büyükçekmece,1.4,13530,18376,%7.54742,41.0045868,28.5372886,12,198,1400,4572,8328,11041
,480,Dizdariye,Büyükçekmece,0.58,11959,6987,%2.86971,41.0206023,28.5784482,4,75,532,1738,3166,4198
,534,Fatih,Büyükçekmece,2,9822,19379,%7.95937,41.0208293,28.586099,12,209,1476,4821,8782,11644
,537,Ekinoba,Büyükçekmece,1.2,9675,12040,%4.94509,41.0101834,28.542241,8,130,917,2995,5456,7234
,543,Sinanoba,Büyükçekmece,1.6,9356,14778,%6.06964,40.9970063,28.5365245,9,160,1126,3676,6697,8879
,586,Muratçeşme,Büyükçekmece,2.4,6430,15632,%6.42040,41.021654,28.579757,10,169,1191,3889,7084,9393
,619,Pınartepe,Büyükçekmece,3.7,4962,18425,%7.56754,41.003226,28.6018529,12,199,1403,4584,8350,11071
,647,Mimarsinan,Büyükçekmece,2.5,3472,8814,%3.62010,41.0160925,28.5604373,6,95,671,2193,3994,5296
,651,Ulus,Büyükçekmece,4.7,3375,15732,%6.46147,41.0305283,28.5494574,10,170,1198,3914,7130,9453
,656,Cumhuriyet,Büyükçekmece,2.4,3195,7553,%3.10218,41.0183305,28.6201513,5,82,575,1879,3423,4538
,664,Hürriyet,Büyükçekmece,6.9,3006,20603,%8.46209,41.0315845,28.5474609,13,222,1569,5126,9337,12379
,700,Kumburgaz Merkez,Büyükçekmece,4,1711,6850,%2.81344,41.0585379,28.4718935,4,74,522,1704,3104,4116
,717,Yenimahalle,Büyükçekmece,1.6,1280,1986,%0.81569,41.0220765,28.474104,1,21,151,494,900,1193
,723,Türkoba,Büyükçekmece,11.5,1144,13189,%5.41701,41.0342715,28.5232446,8,142,1004,3281,5977,7925
,724,Güzelce,Büyükçekmece,6,1141,6836,%2.80769,40.999476,28.5120854,4,74,521,1701,3098,4107
,726,19 Mayıs,Büyükçekmece,7.5,1106,8337,%3.42418,41.0224834,28.5818267,5,90,635,2074,3778,5009
,738,Çakmaklı,Büyükçekmece,5.5,942,5137,%2.10988,41.0540727,28.6222488,3,55,391,1278,2328,3087
,745,Alkent,Büyükçekmece,6.5,712,4635,%1.90369,41.0771599,28.6194181,3,50,353,1153,2101,2785
,758,Kamiloba,Büyükçekmece,14.1,481,6800,%2.79291,41.0461249,28.4321197,4,73,518,1692,3082,4086
,759,Bahçelievler,Büyükçekmece,7.2,478,3428,%1.40795,41.0181451,28.4843571,2,37,261,853,1554,2060
,762,Celaliye,Büyükçekmece,13.4,410,5484,%2.25240,41.0517357,28.4184843,4,59,418,1364,2485,3295
,765,Ahmediye,Büyükçekmece,3,406,1233,%0.50642,41.0908328,28.5168102,1,13,94,307,559,741
,815,Karaağaç,Büyükçekmece,28.3,89.4,2529,%1.03871,41.1086525,28.5908071,2,27,193,629,1146,1520
Çatalca,,,,,,69057,,,,131,2601,21332,79177,157324,216504
,743,Ferhatpaşa,Çatalca,0.51,89562,21572,%31.23796,41.141659,28.4630541,42,825,6767,25116,49905,68678
,773,Kaleiçi,Çatalca,0.5,86504,7503,%10.86494,41.1445195,28.4582207,14,287,2354,8736,17358,23887
,786,Kestanelik,Çatalca,0.42,84393,2286,%3.31031,41.235188,28.495035,4,87,717,2662,5288,7278
,789,Çanakça,Çatalca,0.21,79991,2598,%3.76211,41.245892,28.49407,5,99,815,3025,6010,8271
,792,Gökçeali,Çatalca,0.59,79872,1812,%2.62392,41.2011203,28.4435209,3,69,568,2110,4192,5769
,793,Oklalı,Çatalca,0.17,75555,1345,%1.94767,41.224525,28.475758,3,51,422,1566,3112,4282
,803,Çakıl,Çatalca,0.44,74680,2491,%3.60717,41.1247706,28.4485283,5,95,781,2900,5763,7930
,820,Subaşı,Çatalca,0.24,69474,1444,%2.09103,41.2267723,28.458469,3,55,453,1681,3341,4597
,821,Kabakça,Çatalca,0.49,68758,1624,%2.35168,41.2284603,28.3695911,3,62,509,1891,3757,5170
,822,Muratbey Merkez,Çatalca,0.62,54987,1409,%2.04034,41.0957829,28.493608,3,54,442,1640,3260,4486
,823,Çiftlikköy,Çatalca,0.61,46651,1872,%2.71080,41.340626,28.407293,4,72,587,2180,4331,5960
,831,Akalan,Çatalca,0.72,46195,1085,%1.57117,41.257679,28.419617,2,42,340,1263,2510,3454
,834,Ovayenice,Çatalca,0.76,29066,1172,%1.69715,41.100868,28.419697,2,45,368,1365,2711,3731
,841,İhsaniye,Çatalca,2.7,16520,1641,%2.37630,41.2544762,28.3585871,3,63,515,1911,3796,5224
,847,İzettin,Çatalca,0.24,15916,1017,%1.47270,41.1436804,28.4605154,2,39,319,1184,2353,3238
,850,Örcünlü,Çatalca,1.2,2162,561,%0.81237,41.223648,28.523932,1,21,176,653,1298,1786
,854,Hisarbeyli,Çatalca,,,369,%0.53434,41.368565,28.474049,1,14,116,430,854,1175
,857,Bahşayiş,Çatalca,0.38,66533,367,%0.53145,41.1112665,28.5407916,1,14,115,427,849,1168
,859,Karacaköy,Çatalca,0.35,62919,2490,%3.60572,41.4022498,28.3816684,5,95,781,2899,5760,7927
,861,Gümüşpınar,Çatalca,0.61,59240,851,%1.23232,41.314438,28.285694,2,33,267,991,1969,2709
,862,Elbasan,Çatalca,0.45,57208,563,%0.81527,41.139164,28.415209,1,22,177,655,1302,1792
,863,Hallaçlı,Çatalca,0.28,56068,1213,%1.75652,41.3204276,28.1000039,2,46,381,1412,2806,3862
,865,Örencik,Çatalca,0.47,55498,790,%1.14398,41.329559,28.482586,2,30,248,920,1828,2515
,870,Ormanlı,Çatalca,0.53,53999,1051,%1.52193,41.392712,28.453407,2,40,330,1224,2431,3346
,871,Dağyenice,Çatalca,0.68,53445,713,%1.03248,41.273354,28.482552,1,27,224,830,1649,2270
,873,Atatürk,Çatalca,0.54,51954,1127,%1.63199,41.4121535,28.1851826,2,43,354,1312,2607,3588
,874,Başak,Çatalca,0.34,51007,386,%0.55896,41.332951,28.445322,1,15,121,449,893,1229
,875,İnceğiz,Çatalca,0.49,49768,772,%1.11792,41.1859009,28.4035095,1,30,242,899,1786,2458
,877,Kalfa,Çatalca,0.55,49086,776,%1.12371,41.289814,28.437193,1,30,243,903,1795,2471
,895,Aydınlar,Çatalca,0.48,48002,829,%1.20046,41.3750651,28.2055315,2,32,260,965,1918,2639
,904,Yazlık,Çatalca,0.61,47099,356,%0.51552,41.293289,28.518435,1,14,112,414,824,1133
,907,Karamandere,Çatalca,0.54,46954,553,%0.80079,41.376106,28.3065,1,21,173,644,1279,1761
,910,Kızılcaali,Çatalca,0.53,46681,220,%0.31858,41.2362303,28.5594042,0,8,69,256,509,700
,914,Yalıköy,Çatalca,0.45,46595,1469,%2.12723,41.477085,28.296103,3,56,461,1710,3398,4677
,917,Nakkaş,Çatalca,0.35,41283,818,%1.18453,41.1872859,28.5561065,2,31,257,952,1892,2604
,935,Belgrat,Çatalca,0.44,41152,358,%0.51841,41.3784267,28.3840477,1,14,112,417,828,1140
,939,Celepköy,Çatalca,0.48,38436,239,%0.34609,41.3654071,28.4997591,0,9,75,278,553,761
,940,Yaylacık,Çatalca,0.56,38416,58.0,%0.08399,41.3571169,28.2198949,0,2,18,68,134,185
,950,Fatih,Çatalca,0.49,38105,1257,%0.29690,41.4136692,28.1882968,0,8,64,239,474,653
Çekmeköy,,,,,,248859,,,,56,1010,7552,25907,48765,65536
,91,Çamlık,Çekmeköy,0.54,32079,20672,%8.30671,41.0172216,29.193114,5,84,627,2152,4051,5444
,175,Mehmet Akif,Çekmeköy,1.1,28559,31401,%12.61799,41.0208017,29.1857684,7,127,953,3269,6153,8269
,208,Hamidiye,Çekmeköy,0.56,27721,29311,%11.77816,41.0268635,29.1885101,7,119,889,3051,5744,7719
,244,Cumhuriyet,Çekmeköy,1.1,19359,12709,%5.10691,41.0227969,29.2244591,3,52,386,1323,2490,3347
,259,Aydınlar,Çekmeköy,0.84,18994,16681,%6.70299,41.0173692,29.2304405,4,68,506,1737,3269,4393
,320,Güngören,Çekmeköy,0.59,17355,8228,%3.30629,41.0268708,29.2201494,2,33,250,857,1612,2167
,334,Mimar Sinan,Çekmeköy,0.96,15760,24057,%9.66692,41.032758,29.1750966,5,98,730,2504,4714,6335
,371,Sultançiftliği,Çekmeköy,0.87,15713,15472,%6.21718,41.0331471,29.2236464,4,63,470,1611,3032,4075
,453,Soğukpınar,Çekmeköy,0.77,14845,7939,%3.19016,41.0246995,29.2340241,2,32,241,826,1556,2091
,456,Kirazlıdere,Çekmeköy,0.78,13117,8925,%3.58637,41.0197528,29.2160814,2,36,271,929,1749,2350
,468,Taşdelen,Çekmeköy,0.72,9054,7411,%2.97799,41.031185,29.2311306,2,30,225,772,1452,1952
,602,Ekşioğlu,Çekmeköy,2.6,8755,7110,%2.85704,41.0301325,29.2394911,2,29,216,740,1393,1872
,626,Alemdağ,Çekmeköy,1.6,8373,6527,%2.62277,41.0496927,29.237004,1,26,198,679,1279,1719
,668,Merkez,Çekmeköy,3.7,8086,24594,%9.88270,41.0369088,29.1771094,6,100,746,2560,4819,6477
,682,Nişantepe,Çekmeköy,1.2,7294,10236,%4.11317,41.0408946,29.2656098,2,42,311,1066,2006,2696
,706,Çatalmeşe,Çekmeköy,1.6,7167,8360,%3.35933,41.0501563,29.2438632,2,34,254,870,1638,2202
,801,Koçullu,Çekmeköy,1.2,5878,1365,%0.54850,41.077195,29.3483633,0,6,41,142,267,359
,807,Reşadiye,Çekmeköy,1.4,3751,2132,%0.85671,41.0784643,29.2549655,0,9,65,222,418,561
,812,Sırapınar,Çekmeköy,6.2,3120,885,%0.35562,41.1017648,29.3281738,0,4,27,92,173,233
,816,Ömerli,Çekmeköy,3.7,2823,4073,%1.63667,41.0770043,29.3303927,1,17,124,424,798,1073
,833,Hüseyinli,Çekmeköy,,,771,%0.30981,41.122304,29.2927641,0,3,23,80,151,203
Esenler,,,,,,454569,,,,89,1610,12191,42270,80137,108029
,2,Fatih,Esenler,0.43,46574,45797,%10.07482,41.043386,28.8674705,9,162,1228,4259,8074,10884
,4,Nenehatun,Esenler,0.48,38777,43328,%9.53167,41.0370239,28.8802419,8,154,1162,4029,7638,10297
,6,Kâzım Karabekir,Esenler,0.3,30615,35790,%7.87339,41.0464076,28.8731584,7,127,960,3328,6310,8506
,10,Davutpaşa,Esenler,1.3,30091,16727,%3.67975,41.0317026,28.8906911,3,59,449,1555,2949,3975
,11,Turgutreis,Esenler,1.4,29109,46953,%10.32912,41.0376175,28.8824519,9,166,1259,4366,8277,11158
,15,Mimarsinan,Esenler,0.54,28347,13092,%2.88009,41.0376175,28.8824519,3,46,351,1217,2308,3111
,17,Menderes,Esenler,1,27297,32987,%7.25676,41.0395441,28.8804397,6,117,885,3067,5815,7839
,24,Namık Kemal,Esenler,0.51,27259,16334,%3.59329,41.0311027,28.8955728,3,58,438,1519,2880,3882
,26,Fevzi Çakmak,Esenler,0.66,24605,33610,%7.39382,41.0387523,28.883188,7,119,901,3125,5925,7987
,68,Havaalanı,Esenler,1.1,24510,34313,%7.54847,41.0563871,28.8694017,7,122,920,3191,6049,8155
,112,Birlik,Esenler,0.44,22492,28455,%6.25978,41.0516003,28.8715638,6,101,763,2646,5016,6762
,116,Tuna,Esenler,0.74,12719,33398,%7.34718,41.0529878,28.8588572,7,118,896,3106,5888,7937
,228,Kemer,Esenler,0.88,12405,22007,%4.84129,41.0526257,28.876571,4,78,590,2046,3880,5230
,395,Oruçreis,Esenler,0.92,10412,45372,%9.98132,41.058995,28.8572785,9,161,1217,4219,7999,10783
,404,Yavuz Selim,Esenler,0.94,5012,3839,%0.84454,41.0352866,28.8925614,1,14,103,357,677,912
,688,Çiftehavuzlar,Esenler,9.5,3634,2567,%0.56471,41.0266695,28.8960455,1,9,69,239,453,610
Esenyurt,,,,,,846492,,,,127,1973,12878,39442,68908,89874
,30,İncirtepe,Esenyurt,29.2,1261,25506,%3.01314,41.0206769,28.6909976,4,59,388,1188,2076,2708
,38,Saadetdere,Esenyurt,16.5,295,21850,%2.58124,41.0081748,28.6976834,3,51,332,1018,1779,2320
,52,Mehterçeşme,Esenyurt,26.8,133,36090,%4.26348,41.0185614,28.6628747,5,84,549,1682,2938,3832
,56,Üçevler,Esenyurt,47.1,110,25490,%3.01125,41.0266491,28.6801351,4,59,388,1188,2075,2706
,63,Şehitler,Esenyurt,27.5,82.9,15915,%1.88011,41.0332974,28.6550502,2,37,242,742,1296,1690
,66,Talatpasa,Esenyurt,10.8,52.8,26077,%3.08060,41.0229955,28.6721151,4,61,397,1215,2123,2769
,71,Süleymaniye,Esenyurt,15.7,42.8,28839,%3.40688,41.0439199,28.6810152,4,67,439,1344,2348,3062
,72,Pınar,Esenyurt,5,32.3,36477,%4.30920,41.0335095,28.6655807,5,85,555,1700,2969,3873
,80,Çınar,Esenyurt,8.3,23.6,28093,%3.31876,41.0411611,28.6642095,4,65,427,1309,2287,2983
,87,Necip Fazıl Kısakürek,Esenyurt,18.4,8.1,17161,%2.02731,41.0309904,28.6527815,3,40,261,800,1397,1822
,92,İnönü,Esenyurt,,,24472,%2.89099,41.0270909,28.6866366,4,57,372,1140,1992,2598
,97,Balıkyolu,Esenyurt,0.23,66843,26828,%3.16932,41.0396612,28.6904284,4,63,408,1250,2184,2848
,101,Mehmet Akif Ersoy,Esenyurt,0.47,57079,22844,%2.69867,41.0138079,28.6667966,3,53,348,1064,1860,2425
,107,Bağlarçeşme,Esenyurt,0.43,56720,28514,%3.36849,41.0350405,28.6760001,4,66,434,1329,2321,3027
,108,Fatih,Esenyurt,0.44,56537,25282,%2.98668,41.0298974,28.6746475,4,59,385,1178,2058,2684
,110,Hürriyet,Esenyurt,0.31,54105,24769,%2.92608,41.031599,28.6466704,4,58,377,1154,2016,2630
,113,Yenikent,Esenyurt,0.32,53145,20962,%2.47634,41.0368086,28.6808544,3,49,319,977,1706,2226
,147,Cumhuriyet,Esenyurt,0.35,52339,14369,%1.69748,41.0169451,28.6489243,2,33,219,670,1170,1526
,148,İstiklal,Esenyurt,0.36,51074,18108,%2.13918,41.0370676,28.6490868,3,42,275,844,1474,1923
,159,Örnek,Esenyurt,0.46,47657,18499,%2.18537,41.0447965,28.6703501,3,43,281,862,1506,1964
,160,Namik Kemal,Esenyurt,0.31,47237,21366,%2.52406,41.009735,28.692851721415,3,50,325,996,1739,2268
,164,Yunus Emre,Esenyurt,0.5,43941,18739,%2.21372,41.0285572,28.693938,3,44,285,873,1525,1990
,170,Turgut Özal,Esenyurt,0.47,43577,24050,%2.84114,41.0046495,28.6938819,4,56,366,1121,1958,2553
,205,Sultaniye,Esenyurt,0.45,41107,17294,%2.04302,41.03369,28.6827178,3,40,263,806,1408,1836
,233,Yeşilkent,Esenyurt,0.42,39543,31751,%3.75089,41.0265322,28.6637265,5,74,483,1479,2585,3371
,238,Battalgazi,Esenyurt,0.29,39020,15621,%1.84538,41.0394344,28.6562357,2,36,238,728,1272,1659
,342,Barbaros Hayrettin Paşa,Esenyurt,0.31,36301,21017,%2.48284,41.0182515,28.6414475,3,49,320,979,1711,2231
,353,Aşık Veysel,Esenyurt,0.41,34016,15953,%1.88460,41.0585357,28.6738904,2,37,243,743,1299,1694
,380,Akevler,Esenyurt,0.21,32986,10294,%1.21608,41.0191199,28.67678,2,24,157,480,838,1093
,406,Güzelyurt (Haramidere),Esenyurt,0.36,32722,15146,%1.78927,41.0342862,28.6801113,2,35,230,706,1233,1608
,408,Mevlana,Esenyurt,0.28,29292,13636,%1.61088,41.0124992,28.6567189,2,32,207,635,1110,1448
,422,Piri Reis,Esenyurt,0.62,28594,11389,%1.34544,41.0199712,28.6480848,2,27,173,531,927,1209
,450,Esenkent,Esenyurt,0.067,25357,10183,%1.20296,41.0593586,28.6809268,2,24,155,474,829,1081
,547,Akşemseddin,Esenyurt,0.78,22294,6519,%0.77012,41.0172962,28.6944236,1,15,99,304,531,692
,552,Selahaddin Eyyubi,Esenyurt,0.13,20349,22624,%2.67268,41.044908,28.6622124,3,53,344,1054,1842,2402
,556,Atatürk,Esenyurt,0.066,18549,13077,%1.54485,41.037115,28.636196,2,30,199,609,1065,1388
,560,Osmangazi,Esenyurt,0.17,18164,29605,%3.49738,41.0415514,28.6458279,4,69,450,1379,2410,3143
,571,Ardıçlıevler,Esenyurt,0.64,17917,8524,%1.00698,41.051988,28.67132,1,20,130,397,694,905
,574,Zafer,Esenyurt,0.15,16859,11807,%1.39482,41.0176797,28.6855692,2,28,180,550,961,1254
,596,Ardıçlı,Esenyurt,0.089,14630,6767,%0.79942,41.0461686,28.6798101,1,16,103,315,551,718
,641,Koza,Esenyurt,0.13,12590,5159,%0.60946,41.0645603,28.6652589,1,12,78,240,420,548
,659,Akçaburgaz,Esenyurt,0.97,12144,19365,%2.28768,41.0733127,28.6334269,3,45,295,902,1576,2056
,672,Orhan Gazi,Esenyurt,0.83,11002,10461,%1.23581,41.0655655,28.658303,2,24,159,487,852,1111
Eyüpsultan,,,,,,381114,,,,255,4324,30690,100808,184313,244736
,37,Rami Cuma,Eyüpsultan,0.25,10248,14651,%3.84426,41.0498909,28.9216081,10,166,1180,3875,7085,9408
,114,Esentepe,Eyüpsultan,0.11,8082,19987,%5.24436,41.0686652,28.9393536,13,227,1610,5287,9666,12835
,157,Düğmeciler,Eyüpsultan,0.086,8064,18435,%4.83714,41.0466275,28.9255064,12,209,1485,4876,8915,11838
,214,Silahtarağa,Eyüpsultan,0.051,4958,9263,%2.43051,41.0613259,28.940346,6,105,746,2450,4480,5948
,218,Yeşilpınar,Eyüpsultan,0.1,4044,38497,%10.10118,41.0785373,28.9195063,26,437,3100,10183,18618,24721
,227,Akşemsettin,Eyüpsultan,0.2,3844,41073,%10.77709,41.0848272,28.9276515,27,466,3308,10864,19864,26375
,234,İslambey,Eyüpsultan,0.14,3489,15321,%4.02006,41.0467033,28.931477,10,174,1234,4053,7409,9839
,240,Çırçır,Eyüpsultan,0.18,3433,28537,%7.48779,41.0798955,28.9382959,19,324,2298,7548,13801,18325
,243,Rami Yeni,Eyüpsultan,0.085,2858,13904,%3.64825,41.0515003,28.9175748,9,158,1120,3678,6724,8929
,271,Nişancı,Eyüpsultan,0.15,2786,16191,%4.24834,41.0432626,28.9360561,11,184,1304,4283,7830,10397
,272,Karadolap,Eyüpsultan,0.078,2635,26979,%7.07898,41.0747846,28.934217,18,306,2173,7136,13047,17325
,294,Sakarya,Eyüpsultan,0.051,2551,9966,%2.61497,41.0647435,28.9405122,7,113,803,2636,4820,6400
,460,Emniyettepe,Eyüpsultan,0.29,2457,9397,%2.46567,41.0700073,28.9490344,6,107,757,2486,4545,6034
,469,Merkez,Eyüpsultan,0.88,2171,10914,%2.86371,41.0474069,28.9356137,7,124,879,2887,5278,7009
,522,Alibeyköy,Eyüpsultan,0.11,1284,9569,%2.51080,41.077272,28.946901,6,109,771,2531,4628,6145
,617,Defterdar,Eyüpsultan,0.31,1178,4709,%1.23559,41.0372014,28.934288,3,53,379,1246,2277,3024
,644,Güzeltepe,Eyüpsultan,0.11,1027,34564,%9.06920,41.0746225,28.9531946,23,392,2783,9142,16716,22196
,673,Topçular,Eyüpsultan,0.15,902,4673,%1.22614,41.0411044,28.9254323,3,53,376,1236,2260,3001
,718,Göktürk Merkez,Eyüpsultan,0.083,581,36843,%9.66719,41.1787211,28.8909689,25,418,2967,9745,17818,23659
,775,Mimarsinan,Eyüpsultan,0.047,510,4882,%1.28098,41.0478358,28.9327383,3,55,393,1291,2361,3135
,798,Pirinççi,Eyüpsultan,0.063,477,3561,%0.93437,41.1632307,28.8506496,2,40,287,942,1722,2287
,806,Mithatpaşa,Eyüpsultan,0.2,407,5179,%1.35891,41.1604821,28.9135587,3,59,417,1370,2505,3326
,819,Akpınar,Eyüpsultan,0.1,242,2275,%0.59693,41.280502,28.809507,2,26,183,602,1100,1461
,835,Işıklar,Eyüpsultan,0.11,132,569,%0.14930,41.2267337,28.8266251,0,6,46,151,275,365
,852,Ağaçlı,Eyüpsultan,,,671,%0.17606,41.2658576,28.8753422,0,8,54,177,325,431
,872,İhsaniye,Eyüpsultan,0.36,68734,160,%0.04198,41.240585,28.8081807,0,2,13,42,77,103
,894,Odayeri,Eyüpsultan,0.46,61812,195,%0.05117,41.2361051,28.8538837,0,2,16,52,94,125
,948,Çiftalan,Eyüpsultan,0.33,59473,149,%0.03910,41.2531131,28.9078193,0,2,12,39,72,96
Fatih,,,,,,433873,,,,716,8647,45097,115365,180752,227009
,29,Atikali,Fatih,0.88,53352,15133,%3.48789,41.0245097,28.9438294,25,300,1566,4006,6277,7883
,57,Seyyid Ömer,Fatih,1.4,53003,26773,%6.17070,41.0094787,28.9313786,44,531,2771,7088,11105,13946
,60,Hırkaişerif,Fatih,0.64,44858,24649,%5.68116,41.006381,28.9758715,41,489,2551,6525,10224,12840
,61,Akşemsettin,Fatih,0.29,43245,24856,%5.72887,41.0188839,28.9460241,41,493,2572,6580,10309,12948
,70,Silivrikapı,Fatih,0.88,41542,16823,%3.87740,41.0054068,28.9268933,28,334,1741,4454,6978,8763
,75,Sümbülefendi,Fatih,0.61,41443,17016,%3.92188,41.00333885,28.9299201258074,28,338,1761,4505,7058,8864
,79,Yavuz Sultan Selim,Fatih,0.6,37646,18294,%4.21644,41.0270411,28.9550654,30,363,1893,4843,7588,9530
,86,Derviş Ali,Fatih,0.7,36586,18632,%4.40086,41.0295845,28.9392841,31,379,1976,5055,7920,9946
,102,Şehremini,Fatih,0.85,34348,22028,%5.20299,41.0138832,28.9327162,37,448,2336,5976,9363,11759
,106,Zeyrek,Fatih,0.32,27603,14769,%3.48842,41.0172116,28.9533439,25,300,1566,4007,6278,7884
,131,Kocamustafapaşa,Fatih,1.5,26385,21851,%5.16118,41.0039596,28.9302174,37,444,2317,5928,9288,11665
,132,Mevlanakapı,Fatih,0.98,24214,20470,%4.71797,41.013311,28.9237485,34,406,2118,5419,8490,10663
,149,Mollagürani,Fatih,,,18296,%4.21690,41.006381,28.9758715,30,363,1893,4843,7589,9531
,154,İskenderpaşa,Fatih,0.37,86603,16686,%3.84583,41.0153898,28.9502718,27,331,1727,4417,6921,8692
,155,Hasekisultan,Fatih,0.26,82208,11377,%2.62220,41.0092592,28.9451769,19,226,1177,3012,4719,5926
,177,Ali Kuşçu,Fatih,0.74,69528,11253,%2.59362,41.0206955,28.9484468,18,223,1164,2979,4667,5862
,189,Balat,Fatih,0.79,60285,13802,%3.18112,41.0320032,28.9482931,23,274,1428,3654,5725,7190
,198,Nişanca,Fatih,0.36,59767,6866,%1.58249,41.006884,28.960263,11,136,711,1818,2848,3577
,200,Karagümrük,Fatih,0.32,56468,11640,%2.68281,41.0268821,28.9373882,19,231,1205,3081,4828,6063
,224,Cibali,Fatih,1.3,32245,8057,%1.85700,41.0235835,28.9593551,13,160,834,2133,3342,4197
,232,Ayvansaray,Fatih,0.72,31476,17777,%4.09728,41.0381763,28.9425695,29,353,1840,4706,7373,9260
,264,Saraçishak,Fatih,0.73,26133,1700,%0.39182,41.0065606,28.963701,3,34,176,450,705,886
,296,Yedikule,Fatih,0.7,19063,17399,%4.01016,40.9943767,28.9245673,29,345,1800,4606,7217,9063
,321,Muhsinehatun,Fatih,0.97,10525,2576,%0.59372,41.0047281,28.9625315,4,51,267,682,1068,1342
,360,Eminsinan,Fatih,,,1225,%0.28234,41.0070824,28.9697509,2,24,127,324,508,638
,364,Katip Kasım,Fatih,1,24161,3069,%0.70735,41.0062654,28.9551397,5,61,318,812,1273,1599
,370,Topkapı,Fatih,1.4,23691,11429,%2.63418,41.0207107,28.9281683,19,227,1183,3026,4740,5954
,390,Şehsuvarbey,Fatih,1.4,23013,2557,%0.58934,41.0047129,28.9672109,4,51,265,677,1061,1332
,426,Mollahüsrev,Fatih,1.4,22699,1301,%0.29986,41.0156647,28.9588237,2,26,135,344,540,678
,462,Kalenderhane,Fatih,1.3,22695,1673,%0.38560,41.0142172,28.9587331,3,33,173,443,694,871
,477,Aksaray,Fatih,1.5,20983,11758,%2.71001,41.0083123,28.9502838,19,233,1217,3113,4877,6125
,509,Cerrahpaşa,Fatih,1.8,19792,9147,%2.10822,41.005246,28.9362529,15,181,947,2421,3794,4765
,516,Binbirdirek,Fatih,1.7,19764,1671,%0.38514,41.0070922,28.9721964,3,33,173,442,693,870
,526,Küçükayasofya,Fatih,1.2,19324,2594,%0.59787,41.0035865,28.9723346,4,51,268,687,1076,1351
,561,Mimar Hayrettin,Fatih,0.81,19249,888,%0.20467,41.0075488,28.9672073,1,18,92,235,368,463
,562,Hoca Giyasettin,Fatih,1.8,17671,697,%0.16065,41.019722,28.9616858,1,14,72,185,289,363
,620,Yavuzsinan,Fatih,0.83,17111,252,%0.05808,41.0202566,28.9625709,0,5,26,67,105,131
,634,Hacıkadın,Fatih,0.53,16921,414,%0.09542,41.0192279,28.9597045,1,8,43,110,172,216
,638,Sultanahmet,Fatih,0.54,15693,783,%0.18047,41.0041141,28.9769087,1,16,81,207,325,408
,646,Alemdar,Fatih,1.5,15157,488,%0.11248,41.0097793,28.976421,1,10,50,129,202,254
,648,Kemalpaşa,Fatih,0.78,14157,618,%0.14244,41.0116066,28.9554577,1,12,64,164,256,322
,671,Demirtaş,Fatih,0.96,14026,242,%0.05578,41.0176226,28.9661893,0,5,25,64,100,126
,675,Mimar Kemalettin,Fatih,0.66,12188,411,%0.09473,41.008744,28.9632751,1,8,43,109,170,214
,678,Mesihpaşa,Fatih,0.7,11217,206,%0.04748,41.0082394,28.9546142,0,4,21,55,85,107
,680,Tayahatun,Fatih,1.7,11012,131,%0.03019,41.0121022,28.9694435,0,3,14,35,54,68
,681,Süleymaniye,Fatih,1.7,10440,709,%0.16341,41.0150133,28.9655085,1,14,73,188,294,369
,687,Cankurtaran,Fatih,,,1909,%0.43999,41.0062855,28.9811439,3,38,198,505,792,994
,716,Balabanağa,Fatih,1.1,27928,146,%0.03365,41.0107246,28.9583162,0,3,15,39,61,76
,722,Hocapaşa,Fatih,1.1,26327,360,%0.08297,41.013878,28.9765078,1,7,37,95,149,188
,732,Beyazıt,Fatih,0.33,24808,114,%0.02627,41.009722,28.9665055,0,2,12,30,47,59
,740,Mollafenari,Fatih,1.8,23557,135,%0.03112,41.0093709,28.9706351,0,3,14,36,56,70
,753,Mercan,Fatih,1.4,22884,48.0,%0.01106,41.013183,28.9674617,0,1,5,13,20,25
,755,Tahtakale,Fatih,1.2,22695,24.0,%0.00553,41.0162853,28.9689108,0,0,2,6,10,13
,760,Sururi,Fatih,0.53,21723,30.0,%0.00691,41.0133247,28.9716378,0,1,3,8,12,16
,764,Hobyar,Fatih,2.6,18568,82.0,%0.01890,41.0154966,28.9744019,0,2,8,22,34,43
,785,Rüstempaşa,Fatih,1.1,17783,25.0,%0.00576,41.0168686,28.9706209,0,0,3,7,10,13
,799,Sarıdemir,Fatih,0.93,17458,14.0,%0.00323,41.0182733,28.9671737,0,0,1,4,6,7
Gaziosmanpaşa,,,,,,497959,,,,91,1638,12222,41869,78734,105770
,27,Şemsipaşa,Gaziosmanpaşa,0.77,15753,24409,%4.90181,41.0675597,28.9080246,4,80,599,2052,3859,5185
,43,Hürriyet,Gaziosmanpaşa,1.8,15196,28739,%5.77136,41.0668961,28.9002839,5,95,705,2416,4544,6104
,51,Karlıtepe,Gaziosmanpaşa,1.5,14612,19517,%3.91940,41.0587202,28.9279186,4,64,479,1641,3086,4146
,69,Barbaros Hayrettin Paşa,Gaziosmanpaşa,1.4,11172,50748,%10.19120,41.0741036,28.8903557,9,167,1246,4267,8024,10779
,73,Kâzım Karabekir,Gaziosmanpaşa,2.5,10531,47072,%9.45299,41.080295,28.9107197,9,155,1155,3958,7443,9998
,76,Karadeniz,Gaziosmanpaşa,1.4,10415,73225,%14.70503,41.0810179,28.8819895,13,241,1797,6157,11578,15553
,125,Bağlarbaşı,Gaziosmanpaşa,2.9,10342,28843,%5.79224,41.0631149,28.9143839,5,95,708,2425,4560,6126
,135,Pazariçi,Gaziosmanpaşa,1.9,6099,12622,%2.53475,41.0591205,28.9344768,2,42,310,1061,1996,2681
,141,Yenimahalle,Gaziosmanpaşa,4,4096,36751,%7.38033,41.0757441,28.9020537,7,121,902,3090,5811,7806
,143,Sarıgöl,Gaziosmanpaşa,,,25095,%5.03957,41.058849,28.9179346,5,83,616,2110,3968,5330
,166,Fevzi Çakmak,Gaziosmanpaşa,0.29,75102,22748,%4.56825,41.0716438,28.9048289,4,75,558,1913,3597,4832
,176,Yıldıztabya,Gaziosmanpaşa,0.19,72930,25602,%5.14139,41.0646555,28.931006,5,84,628,2153,4048,5438
,186,Merkez,Gaziosmanpaşa,0.52,63390,29266,%5.87719,41.0573173,28.9117986,5,96,718,2461,4627,6216
,239,Yenidoğan,Gaziosmanpaşa,0.37,61544,8878,%1.78288,41.058575,28.9235751,2,29,218,746,1404,1886
,252,Karayolları,Gaziosmanpaşa,0.38,57953,40628,%8.15890,41.0852087,28.8986424,7,134,997,3416,6424,8630
,274,Mevlana,Gaziosmanpaşa,0.34,51900,23816,%4.78272,41.0861254,28.9136478,4,78,585,2002,3766,5059
Güngören,,,,,,296967,,,,150,2507,17610,57323,104183,138003
,3,Mareşal Fevzi Çakmak,Güngören,0.74,49207,31630,%10.65102,41.0252832,28.8726498,16,267,1876,6105,11097,14699
,8,Akıncılar,Güngören,0.45,44854,21045,%7.08665,41.0160064,28.8710186,11,178,1248,4062,7383,9780
,23,Güneştepe,Güngören,0.19,44216,51759,%17.42921,41.0259668,28.8649183,26,437,3069,9991,18158,24053
,48,Merkez,Güngören,0.85,35434,47371,%15.95160,41.0243935,28.8719813,24,400,2809,9144,16619,22014
,50,Haznedar,Güngören,0.77,33089,21298,%7.17184,41.0104658,28.8707783,11,180,1263,4111,7472,9897
,62,Güven,Güngören,0.91,32900,18004,%6.06263,41.0116141,28.8733841,9,152,1068,3475,6316,8367
,204,Gençosman,Güngören,0.38,31272,40525,%13.64630,41.0284791,28.8776738,20,342,2403,7822,14217,18832
,211,Abdurrahman Nafiz Gürman,Güngören,1.1,30348,22696,%7.64260,41.0059977,28.8885447,11,192,1346,4381,7962,10547
,255,Tozkoparan,Güngören,0.59,21411,19086,%6.42698,41.014823,28.8966072,10,161,1132,3684,6696,8869
,351,Sanayi,Güngören,1.1,20330,13369,%4.50185,41.0191385,28.8808882,7,113,793,2581,4690,6213
,519,Mehmet Nezih Özmen,Güngören,2.1,14618,10184,%3.42934,41.0252832,28.8726498,5,86,604,1966,3573,4733
Kadıköy,,,,,,451453,,,,548,6014,28800,68973,104173,129402
,275,Feneryolu,Kadıköy,,,24488,%5.42426,40.9788502,29.0487327,30,326,1562,3741,5651,7019
,277,Kozyatağı,Kadıköy,0.58,57065,34164,%7.56757,40.9685129,29.0924226,41,455,2179,5220,7883,9793
,282,Erenköy,Kadıköy,0.26,53338,31098,%6.88842,40.9721783,29.0758899,38,414,1984,4751,7176,8914
,287,Sahrayıcedit,Kadıköy,1.1,48041,30833,%6.82973,40.9831733,29.0831882,37,411,1967,4711,7115,8838
,288,19 Mayıs,Kadıköy,1.4,47501,30310,%6.71388,40.977008,29.0894372,37,404,1934,4631,6994,8688
,317,Acıbadem,Kadıköy,0.32,45388,30549,%6.76682,41.0023323,29.0444009,37,407,1949,4667,7049,8756
,331,Göztepe,Kadıköy,0.67,44973,35260,%7.81034,40.9787185,29.0666827,43,470,2249,5387,8136,10107
,333,Merdivenköy,Kadıköy,0.46,42418,33166,%7.34650,40.9877529,29.0676991,40,442,2116,5067,7653,9507
,344,Caferağa,Kadıköy,1.9,38862,23977,%5.31107,40.9850403,29.0248102,29,319,1530,3663,5533,6873
,345,Hasanpaşa,Kadıköy,1.3,38556,15577,%3.45041,40.9967079,29.0440914,19,208,994,2380,3594,4465
,375,Bostancı,Kadıköy,0.72,34915,31450,%6.96640,40.9539279,29.0949153,38,419,2006,4805,7257,9015
,384,Rasimpaşa,Kadıköy,0.86,34678,14276,%3.16223,40.9970269,29.0265413,17,190,911,2181,3294,4092
,388,Fikirtepe,Kadıköy,0.98,33902,9025,%1.99910,40.9934919,29.0498836450406,11,120,576,1379,2083,2587
,409,Osmanağa,Kadıköy,1.6,26390,8466,%1.87528,40.9892604,29.0303888,10,113,540,1293,1954,2427
,416,Suadiye,Kadıköy,1.5,25136,22484,%4.98036,40.9605007,29.0844637,27,300,1434,3435,5188,6445
,435,Dumlupınar,Kadıköy,4.4,17716,10985,%2.43325,40.9929709,29.0597416,13,146,701,1678,2535,3149
,437,Eğitim,Kadıköy,0.84,14477,13438,%2.97661,40.9890334,29.0490887,16,179,857,2053,3101,3852
,474,Zühtüpaşa,Kadıköy,0.3,13817,8095,%1.79310,40.98771,29.0397924,10,108,516,1237,1868,2320
,501,Koşuyolu,Kadıköy,3.1,12355,7839,%1.73639,41.0069381,29.0350244,10,104,500,1198,1809,2247
,508,Caddebostan,Kadıköy,8.5,10949,18316,%4.05712,40.9670186,29.0629255,22,244,1168,2798,4226,5250
,520,Fenerbahçe,Kadıköy,1.5,7102,17657,%3.91115,40.9695548,29.0375465,21,235,1126,2698,4074,5061
Kağıthane,,,,,,442694,,,,105,1697,11526,36499,65151,85683
,16,Harmantepe,Kağıthane,,,22007,%4.97115,41.0817386,28.9911801,5,84,573,1814,3239,4259
,19,Gültepe,Kağıthane,1.2,51454,13810,%3.11954,41.0810024,28.9949074,3,53,360,1139,2032,2673
,36,Çeliktepe,Kağıthane,1,30234,32935,%7.43968,41.083673,28.9997851,8,126,857,2715,4847,6375
,44,Ortabayır,Kağıthane,1.6,25604,22994,%5.19411,41.0780937,29.0039886,5,88,599,1896,3384,4450
,54,Şirintepe,Kağıthane,3.2,25477,21823,%4.92959,41.0889065,28.9909795,5,84,568,1799,3212,4224
,81,Yahya Kemal,Kağıthane,1,24814,17746,%4.00864,41.0852399,28.987206,4,68,462,1463,2612,3435
,84,Telsizler,Kağıthane,0.81,23378,11774,%2.65962,41.0782105,28.9982061,3,45,307,971,1733,2279
,96,Sanayi,Kağıthane,1.3,22494,36381,%8.21809,41.0909671,28.9978422,9,139,947,3000,5354,7042
,126,Hürriyet,Kağıthane,0.77,21090,20219,%4.56726,41.0736915,28.9852962,5,77,526,1667,2976,3913
,128,Emniyet,Kağıthane,1,19626,8390,%1.89521,41.0864668,29.0040986,2,32,218,692,1235,1624
,182,Gürsel,Kağıthane,1.2,18059,30033,%6.78414,41.0709262,28.972669,7,115,782,2476,4420,5813
,197,Nurtepe,Kağıthane,1.3,17406,25628,%5.78910,41.074985,28.9618782,6,98,667,2113,3772,4960
,199,Çağlayan,Kağıthane,0.9,17119,30047,%6.78731,41.0746256,28.9799888,7,115,782,2477,4422,5816
,212,Yeşilce,Kağıthane,0.91,16868,11934,%2.69577,41.0956169,29.0006008,3,46,311,984,1756,2310
,216,Talatpaşa,Kağıthane,2.2,16245,33039,%7.46317,41.063141,28.9635226,8,127,860,2724,4862,6395
,307,Mehmet Akif Ersoy,Kağıthane,1.4,14180,12672,%2.86247,41.0593001,28.9564044,3,49,330,1045,1865,2453
,322,Seyrantepe,Kağıthane,2.3,5648,22545,%5.09268,41.0968122,28.9892146,5,86,587,1859,3318,4364
,427,Merkez,Kağıthane,10.2,2129,30404,%6.86795,41.079396,28.9692391,7,117,792,2507,4475,5885
,496,Hamidiye,Kağıthane,21.7,359,38313,%8.65451,41.0965753,28.9719887,9,147,998,3159,5639,7415
Kartal,,,,,,463433,,,,147,2327,15500,48286,85282,111695
,237,Atalar,Kartal,0.82,34207,31275,%6.74855,40.9023827,29.1731105,10,157,1046,3259,5755,7538
,253,Petrol-İş,Kartal,0.66,32334,28760,%6.20586,40.8965692,29.1797353,9,144,962,2997,5292,6932
,269,Yukarımahalle,Kartal,1.1,29704,8143,%1.75710,40.88858,29.1856536,3,41,272,848,1498,1963
,279,Uğur Mumcu,Kartal,0.48,29327,41544,%8.96440,40.9326933,29.2127458,13,209,1389,4329,7645,10013
,284,Karlıktepe,Kartal,1.2,26977,31049,%6.69978,40.8911521,29.1909073,10,156,1038,3235,5714,7483
,289,Gümüşpınar,Kartal,0.5,22678,26464,%5.71043,40.9180416,29.2052689,8,133,885,2757,4870,6378
,303,Yalı,Kartal,2.8,21185,11471,%2.47522,40.8919905,29.2205714,4,58,384,1195,2111,2765
,359,Hürriyet,Kartal,1.8,20138,47943,%10.34518,40.9026067,29.2306579,15,241,1603,4995,8823,11555
,372,Ortamahalle,Kartal,0.77,19817,18790,%4.05452,40.88858,29.1856536,6,94,628,1958,3458,4529
,376,Yakacık Yeni,Kartal,1.7,19812,16238,%3.50385,40.9204738,29.2246565,5,82,543,1692,2988,3914
,399,Cevizli,Kartal,1.4,19214,27267,%5.88370,40.9131929,29.1687352,9,137,912,2841,5018,6572
,407,Topselvi,Kartal,0.31,18846,12201,%2.63274,40.8939427,29.2153856,4,61,408,1271,2245,2941
,415,Soğanlık,Kartal,1.4,18004,26713,%5.76416,40.9132162,29.1924269,8,134,893,2783,4916,6438
,428,Cumhuriyet,Kartal,0.37,17103,21609,%4.66281,40.9077831,29.2213083,7,109,723,2251,3977,5208
,502,Yunus,Kartal,1.4,16946,15215,%3.28311,40.8908085,29.2127431,5,76,509,1585,2800,3667
,518,Esentepe,Kartal,1.9,16427,26844,%5.79242,40.9069182,29.1868775,9,135,898,2797,4940,6470
,521,Çavuşoğlu,Kartal,1.2,15917,14286,%3.08265,40.8910311,29.1968295,5,72,478,1488,2629,3443
,524,Orhantepe,Kartal,0.78,15880,29960,%6.46480,40.9061849,29.1614584,10,150,1002,3122,5513,7221
,592,Kordonboyu,Kartal,3.2,14944,11356,%2.45041,40.8884287,29.1896109,4,57,380,1183,2090,2737
,633,Yakacık Çarşı,Kartal,1.2,13613,16305,%3.51831,40.9184915,29.2257746,5,82,545,1699,3000,3930
Küçükçekmece,,,,,,770392,,,,179,2886,19643,62288,111283,146405
,58,Yeşilova,Küçükçekmece,1.2,12549,33002,%4.28379,40.9898801,28.7861851,8,124,841,2668,4767,6272
,74,Sultanmurat,Küçükçekmece,1.2,11236,13776,%1.78818,41.001718,28.785421,3,52,351,1114,1990,2618
,100,Mehmet Akif,Küçükçekmece,3.4,10802,53351,%6.92518,41.0531043,28.8058591,12,200,1360,4314,7707,10139
,104,Kanarya,Küçükçekmece,6.7,8697,67272,%8.73218,41.008684,28.7774562,16,252,1715,5439,9717,12784
,121,Kemalpaşa,Küçükçekmece,1.7,8430,14667,%1.90384,41.0008891,28.7959206,3,55,374,1186,2119,2787
,123,Gültepe,Küçükçekmece,1.5,7936,30092,%3.90606,40.9942991,28.7911487,7,113,767,2433,4347,5719
,137,Yenimahalle,Küçükçekmece,2.5,6308,19408,%2.51924,40.9926219,28.773674,4,73,495,1569,2803,3688
,156,İnönü,Küçükçekmece,1.3,6253,73048,%9.48193,41.0234463,28.7965109,17,274,1863,5906,10552,13882
,158,Cumhuriyet,Küçükçekmece,2.3,1296,51065,%6.62844,40.9967292,28.7712054,12,191,1302,4129,7376,9704
,183,Fevzi Çakmak,Küçükçekmece,13.6,251,25229,%3.27483,41.0044603,28.7894267,6,95,643,2040,3644,4795
,184,Cennet,Küçükçekmece,25.3,46.4,29995,%3.89347,40.9896625,28.7775673,7,112,765,2425,4333,5700
,190,Söğütlüçeşme,Küçükçekmece,31.1,40.0,33233,%4.31378,41.0209912,28.7868135,8,125,847,2687,4801,6316
,251,Atatürk,Küçükçekmece,12.3,20.9,42737,%5.54744,41.0504345,28.7973722,10,160,1090,3455,6173,8122
,266,Tevfikbey,Küçükçekmece,22.7,17.6,36848,%4.78302,41.0080103,28.7994582,9,138,940,2979,5323,7003
,373,Halkalı,Küçükçekmece,25.6,17.2,78180,%10.14808,41.0184293,28.7667075,18,293,1993,6321,11293,14857
,429,Kartaltepe,Küçükçekmece,,,12166,%1.57920,41.0018684,28.7996739,3,46,310,984,1757,2312
,440,Beşyol,Küçükçekmece,0.61,37620,4092,%0.53116,40.9940333,28.7975927,1,15,104,331,591,778
,471,İstasyon,Küçükçekmece,0.96,29817,37997,%4.93216,41.0282913,28.7720425,9,142,969,3072,5489,7221
,510,Atakent,Küçükçekmece,1,25475,93229,%12.10150,41.0553307,28.7819332,22,349,2377,7538,13467,17717
,576,Fatih,Küçükçekmece,0.77,25281,10544,%1.36865,40.9920419,28.76962,2,40,269,853,1523,2004
,692,Yarımburgaz,Küçükçekmece,0.85,21614,10461,%1.35788,41.0486117,28.7538529,2,39,267,846,1511,1988
Maltepe,,,,,,497586,,,,122,1829,11615,34794,59937,77760
,85,Fındıklı,Maltepe,1.2,17699,59271,%11.91171,40.9713562,29.1302616,15,218,1384,4145,7140,9263
,217,Altıntepe,Maltepe,1.1,17117,30375,%6.10447,40.951875,29.1016652,7,112,709,2124,3659,4747
,260,Bağlarbaşı,Maltepe,1.2,17012,41773,%8.39513,40.9233504,29.1336656,10,154,975,2921,5032,6528
,261,Zümrütevler,Maltepe,1.4,14230,82651,%16.61039,40.9363954,29.147589,20,304,1929,5779,9956,12916
,268,Küçükyalı,Maltepe,1.8,13249,25940,%5.21317,40.9489271,29.1219958,6,95,606,1814,3125,4054
,280,Feyzullah,Maltepe,1.7,12576,19052,%3.82889,40.9248017,29.1291275,5,70,445,1332,2295,2977
,293,Altayçeşme,Maltepe,1.4,11143,30255,%6.08036,40.9278843,29.131346,7,111,706,2116,3644,4728
,314,Girne,Maltepe,3.6,11036,16172,%3.25009,40.94118975,29.1378052286966,4,59,378,1131,1948,2527
,336,Çınar,Maltepe,2.9,9574,19848,%3.98886,40.9441446,29.1127963,5,73,463,1388,2391,3102
,367,Esenkent,Maltepe,3.9,8093,21745,%4.37010,40.9286404,29.16732,5,80,508,1521,2619,3398
,379,İdealtepe,Maltepe,6.2,3043,21982,%4.41773,40.9392248,29.1183959,5,81,513,1537,2648,3435
,382,Gülensu,Maltepe,2.4,2265,15441,%3.10318,40.9376784,29.1602109,4,57,360,1080,1860,2413
,389,Gülsuyu,Maltepe,25.6,67.4,15288,%3.07243,40.9277685,29.1577237,4,56,357,1069,1842,2389
,398,Cevizli,Maltepe,,,35382,%7.11073,40.9162851,29.1470405,9,130,826,2474,4262,5529
,433,Aydınevler,Maltepe,0.99,15943,20099,%4.03930,40.9490261,29.1281559,5,74,469,1405,2421,3141
,603,Yalı,Maltepe,0.76,15300,12893,%2.59111,40.9201889,29.1277394070895,3,47,301,902,1553,2015
,690,Başıbüyük,Maltepe,0.38,13779,21640,%4.34900,40.9585576,29.1485408,5,80,505,1513,2607,3382
,770,Büyükbakkalköy,Maltepe,0.32,12274,7779,%1.56335,40.970546,29.1986185,2,29,182,544,937,1216
Pendik,,,,,,698260,,,,33,518,3374,10327,18034,23517
,187,Orhangazi,Pendik,1.3,11530,28009,%4.01126,40.8660896,29.2894246,1,21,135,414,723,943
,203,Fatih,Pendik,0.62,11310,21209,%3.03741,40.8676856,29.2977107,1,16,102,314,548,714
,221,Esenler,Pendik,0.96,11284,31553,%4.51880,40.8851987,29.2726983,2,23,152,467,815,1063
,223,Esenyalı,Pendik,0.48,10554,14088,%2.01759,40.8624956,29.2950466,1,10,68,208,364,474
,245,Çamçeşme,Pendik,1.1,9800,31480,%4.50835,40.872231,29.2705129,2,23,152,466,813,1060
,290,Sapanbağları,Pendik,1.4,9185,11264,%1.61315,40.8855757,29.2216182,1,8,54,167,291,379
,312,Kavakpınar,Pendik,0.77,8763,60252,%8.62888,40.8811385,29.2868227,3,45,291,891,1556,2029
,326,Fevzi Çakmak,Pendik,1.2,7552,36918,%5.28714,40.8780711,29.263908,2,27,178,546,953,1243
,329,Yeni,Pendik,1.2,7482,15263,%2.18586,40.8832021,29.2309095,1,11,74,226,394,514
,330,Güzelyalı,Pendik,2.5,7230,33575,%4.80838,40.8605709,29.2821813,2,25,162,497,867,1131
,347,Ahmet Yesevi,Pendik,0.64,6989,26717,%3.82623,40.8683853,29.3087934,1,20,129,395,690,900
,357,Orta,Pendik,2.2,6926,5909,%0.84625,40.8903637,29.2419118,0,4,29,87,153,199
,368,Dumlupınar,Pendik,1.4,6607,25596,%3.66568,40.8920988,29.2483221,1,19,124,379,661,862
,385,Yeşilbağlar,Pendik,2.9,6171,6262,%0.89680,40.8929124,29.2256257,0,5,30,93,162,211
,387,Sülüntepe,Pendik,0.58,5939,23741,%3.40002,40.9130716,29.2779541,1,18,115,351,613,800
,396,Kurtköy,Pendik,0.99,5251,30775,%4.40738,40.9142051,29.3002734,1,23,149,455,795,1036
,403,Çınardere,Pendik,1.5,4171,18465,%2.64443,40.894557,29.2395687,1,14,89,273,477,622
,405,Bahçelievler,Pendik,4,3327,12417,%1.77828,40.8839106,29.2353786,1,9,60,184,321,418
,420,Kaynarca,Pendik,2.4,3314,48246,%6.90946,40.8752422,29.2552958,2,36,233,714,1246,1625
,443,Doğu,Pendik,0.76,3115,16043,%2.29757,40.8781658,29.2367481,1,12,78,237,414,540
,454,Şeyhli,Pendik,15.6,2264,16720,%2.39452,40.9069317,29.2844986,1,12,81,247,432,563
,466,Batı,Pendik,11.6,1623,15521,%2.22281,40.8771819,29.230314,1,12,75,230,401,523
,500,Güllübağlar,Pendik,6.1,1328,13852,%1.98379,40.896909,29.2743647,1,10,67,205,358,467
,513,Velibaba,Pendik,6.6,1241,36461,%5.22169,40.9044885,29.2543843,2,27,176,539,942,1228
,553,Yenişehir,Pendik,4.5,1192,57841,%8.28359,40.9312919,29.3043382,3,43,279,855,1494,1948
,555,Ertuğrulgazi,Pendik,3.5,964,14532,%2.08117,40.9161119,29.2580922,1,11,70,215,375,489
,564,Yayalar,Pendik,4.5,834,11782,%1.68734,40.9027998,29.267275,1,9,57,174,304,397
,587,Çamlık,Pendik,16.8,488,15987,%2.28955,40.928438,29.2834947,1,12,77,236,413,538
,588,Harmandere,Pendik,9.4,446,7925,%1.13496,40.9286057,29.3240794,0,6,38,117,205,267
,714,Ramazanoğlu,Pendik,12.7,360,2930,%0.41961,40.89662,29.2865221,0,2,14,43,76,99
,782,Sanayi,Pendik,10.9,120,3414,%0.48893,40.9055698,29.2991635,0,3,16,50,88,115
,845,Göçbeyli,Pendik,3.9,100,1172,%0.16785,40.969167,29.4585414,0,1,6,17,30,39
,855,Kurna,Pendik,10,33.3,1244,%0.17816,40.9556044,29.3352858,0,1,6,18,32,42
,900,Emirli,Pendik,,,256,%0.03666,40.9903172,29.3394622,0,0,1,4,7,9
,915,Ballıca,Pendik,0.64,28282,400,%0.05729,40.990429,29.4014388,0,0,2,6,10,13
,919,Kurtdoğmuş,Pendik,0.54,16653,441,%0.06316,41.0119123,29.3604996,0,0,2,7,11,15
Sancaktepe,,,,,,402391,,,,10,190,1452,5080,9692,13101
,167,İnönü,Sancaktepe,3.6,2073,22817,%5.67036,41.0112928,29.2122553,1,11,82,288,550,743
,219,Atatürk,Sancaktepe,13.7,1722,28687,%7.12914,41.0106272,29.2232789,1,14,103,362,691,934
,262,Meclis,Sancaktepe,8.5,1702,25603,%6.36272,41.0104122,29.2048777,1,12,92,323,617,834
,265,Kemal Türkler,Sancaktepe,24,1368,19404,%4.82218,41.0069937,29.2176514,0,9,70,245,467,632
,305,Safa,Sancaktepe,18.1,1048,18424,%4.57863,41.0086084,29.2456768,0,9,66,233,444,600
,343,Yenidoğan,Sancaktepe,15.4,333,20155,%5.00881,41.013189,29.2416963,1,10,73,254,485,656
,374,Sarıgazi,Sancaktepe,6.1,295,21755,%5.40643,41.0069576,29.2112136,1,10,78,275,524,708
,383,Merve,Sancaktepe,28.7,272,18226,%4.52943,41.006145,29.2405436,0,9,66,230,439,593
,386,Yunus Emre,Sancaktepe,12.7,246,20761,%5.15941,41.0181749,29.249504,1,10,75,262,500,676
,432,Veysel Karani,Sancaktepe,16.8,227,19545,%4.85722,40.9633154,29.2422828,1,9,71,247,471,636
,447,Emek,Sancaktepe,9.5,205,24340,%6.04884,41.0053334,29.1936719,1,11,88,307,586,792
,463,Akpınar,Sancaktepe,36,84.1,20949,%5.20613,40.9670161,29.2303824,1,10,76,264,505,682
,503,Mevlana,Sancaktepe,40,74.8,15823,%3.93225,41.0127344,29.2592977,0,7,57,200,381,515
,506,Osmangazi,Sancaktepe,17.9,72.3,40149,%9.97761,40.9865128,29.2359802,1,19,145,507,967,1307
,540,Fatih,Sancaktepe,20.7,71.8,27938,%6.94300,40.9576787,29.2143124,1,13,101,353,673,910
,559,Abdurrahmangazi,Sancaktepe,50.7,65.1,31716,%7.88189,40.9923179,29.2333854,1,15,114,400,764,1033
,662,Eyüpsultan,Sancaktepe,28,51.2,18918,%4.70140,40.9905196,29.2288624,0,9,68,239,456,616
,684,Hilal,Sancaktepe,22.8,50.8,5458,%1.35639,41.0223751,29.25177,0,3,20,69,131,178
,828,Paşaköy,Sancaktepe,38.4,39.8,1723,%0.42819,41.0178264,29.2782951,0,1,6,22,42,56
Sarıyer,,,,,,344876,,,,109,1506,8892,25098,41671,53349
,401,Fatih Sultan Mehmet,Sarıyer,33.3,30.4,15813,%4.58513,41.0957471,29.0354378,5,69,408,1151,1911,2446
,414,Pınar,Sarıyer,44.9,28.4,11628,%3.37165,41.1135256,29.0320167,4,51,300,846,1405,1799
,441,Bahçeköy Yenimahalle,Sarıyer,39.1,28.4,5225,%1.51504,41.1685803,29.0572623,2,23,135,380,631,808
,472,Bahçeköy,Sarıyer,9.8,28.0,3868,%1.12156,41.174584,28.9912462,1,17,100,281,467,598
,473,İstinye,Sarıyer,34.4,27.7,16089,%4.66516,41.1150511,29.055486,5,70,415,1171,1944,2489
,488,Ferahevler,Sarıyer,5.7,27.3,15183,%4.40245,41.1296186,29.0442745,5,66,391,1105,1835,2349
,498,Kireçburnu,Sarıyer,16.4,20.6,7049,%2.04392,41.1459737,29.0465248,2,31,182,513,852,1090
,499,Rumelihisarı,Sarıyer,50.5,20.4,10785,%3.12721,41.08491705,29.0567125239769,3,47,278,785,1303,1668
,517,Çayırbaşı,Sarıyer,59.5,20.2,5089,%1.47560,41.1587199,29.0326,2,22,131,370,615,787
,535,Cumhuriyet,Sarıyer,43.2,18.2,11247,%3.26117,41.1478306,29.0347131,4,49,290,818,1359,1740
,545,Merkez,Sarıyer,15.6,12.9,12750,%3.69698,41.1717313,29.0518358,4,56,329,928,1541,1972
,550,Poligon,Sarıyer,37.3,12.4,6704,%1.94389,41.117034,29.0413306,2,29,173,488,810,1037
,569,Büyükdere,Sarıyer,,,8841,%2.56353,41.1639734,29.0424644,3,39,228,643,1068,1368
,570,Emirgân,Sarıyer,1.3,22558,8954,%2.59630,41.103131,29.0536894,3,39,231,652,1082,1385
,572,Tarabya,Sarıyer,1.3,21162,18103,%5.24913,41.1385739,29.0530421,6,79,467,1317,2187,2800
,577,Kocataş,Sarıyer,1.4,21049,4500,%1.30482,41.1689299,29.0352598,1,20,116,327,544,696
,578,Yeniköy,Sarıyer,0.84,20801,15481,%4.48886,41.1231548,29.070613,5,68,399,1127,1871,2395
,584,Darüşşafaka,Sarıyer,1.1,20139,9458,%2.74243,41.1292759,29.0250803,3,41,244,688,1143,1463
,590,Reşitpaşa,Sarıyer,1,19172,17903,%5.19114,41.1068809,29.0411147,6,78,462,1303,2163,2769
,595,Yeni Mahalle,Sarıyer,1.1,18920,3442,%0.99804,41.1727356,29.0608022,1,15,89,250,416,532
,611,Baltalimanı,Sarıyer,1.7,16523,5181,%1.50228,41.0955584,29.0525824,2,23,134,377,626,801
,631,Derbent (Çamlıtepe),Sarıyer,1,15079,6119,%1.77426,41.1685803,29.0572623,2,27,158,445,739,947
,652,Maden,Sarıyer,1.6,14084,13207,%3.82949,41.1817996,29.0379835,4,58,340,961,1596,2043
,653,Huzur,Sarıyer,1.4,11478,7948,%2.30460,41.0997797,28.9864026,3,35,205,578,960,1229
,660,Bahçeköy Kemer,Sarıyer,1.9,10891,2379,%0.68981,41.1690422,28.9897188,1,10,61,173,287,368
,685,Ayazağa,Sarıyer,3.1,10162,35317,%10.24049,41.1157496,28.9985596,11,154,911,2570,4267,5463
,705,Zekeriyaköy,Sarıyer,1.3,9998,18867,%5.47066,41.1963806,29.0292004,6,82,486,1373,2280,2919
,712,Maslak,Sarıyer,3,6112,8091,%2.34606,41.1099991,29.020591,3,35,209,589,978,1252
,719,Kâzım Karabekir,Sarıyer,,,8201,%2.37796,41.1626163,29.0278664,3,36,211,597,991,1269
,721,PTT Evleri,Sarıyer,1.1,63763,5405,%1.56723,41.1573969,29.0220693,2,24,139,393,653,836
,735,Kumköy,Sarıyer,0.62,62604,3331,%0.96585,41.2457696,29.0364997,1,15,86,242,402,515
,742,Rumelikavağı,Sarıyer,0.91,60320,3765,%1.09170,41.1824719,29.0734128,1,16,97,274,455,582
,757,Uskumruköy,Sarıyer,0.33,40706,8178,%2.37129,41.2198771,29.0224631,3,36,211,595,988,1265
,761,Gümüşdere,Sarıyer,0.88,39643,4193,%1.21580,41.2367356,28.9851056,1,18,108,305,507,649
,769,Rumelifeneri,Sarıyer,1.3,36974,4550,%1.31931,41.2334035,29.1109327,1,20,117,331,550,704
,802,Demirci,Sarıyer,1.8,36088,1306,%0.37869,41.1685803,29.0572623,0,6,34,95,158,202
,810,Garipçe,Sarıyer,0.98,33237,393,%0.11395,41.2147913,29.1085398,0,2,10,29,47,61
,867,Kısırkaya,Sarıyer,1.4,29110,333,%0.09656,41.251854,28.9774507,0,1,9,24,40,52
Silivri,,,,,,180524,,,,132,2401,18279,63695,121163,163570
,235,Alibey,Silivri,0.62,11735,18122,%10.03855,41.0732159,28.2502073,13,241,1835,6394,12163,16420
,393,Piri Mehmet Paşa,Silivri,3.5,9275,9002,%4.98659,41.0754871,28.2426423,7,120,912,3176,6042,8157
,412,Fatih,Silivri,10.8,5571,7093,%3.92912,41.0707054,28.2478688,5,94,718,2503,4761,6427
,691,Cumhuriyet,Silivri,4.8,1698,7442,%4.12244,41.0697432,28.2612532,5,99,754,2626,4995,6743
,699,Semizkumlar,Silivri,6.2,1091,23579,%13.06142,41.0749874,28.1746116,17,314,2388,8319,15826,21365
,701,Mimar Sinan,Silivri,,,14481,%8.02165,41.0850824,28.2406022,11,193,1466,5109,9719,13121
,710,Yeni,Silivri,1.3,18130,32829,%18.18539,41.0807861,28.2573173,24,437,3324,11583,22034,29746
,730,Selimpaşa,Silivri,1.9,14815,19003,%10.52658,41.0548272,28.3668,14,253,1924,6705,12754,17218
,772,Sancaktepe,Silivri,2.1,12747,5114,%2.83286,41.0774457,28.0851547,4,68,518,1804,3432,4634
,776,Hürriyet,Silivri,0.91,11484,1790,%0.99156,41.092394,28.3356266,1,24,181,632,1201,1622
,779,Gümüşyaka,Silivri,2.9,8339,7810,%4.32629,41.0454443,28.0437139,6,104,791,2756,5242,7077
,783,Fevzipaşa,Silivri,1.3,4123,3127,%1.73218,41.0956929,28.0081194,2,42,317,1103,2099,2833
,788,Ortaköy,Silivri,5,4003,3809,%2.10997,41.1018136,28.3751315,3,51,386,1344,2556,3451
,790,Kavaklı,Silivri,5.2,3737,1938,%1.07354,41.0922446,28.3325627,1,26,196,684,1301,1756
,818,İsmetpaşa,Silivri,3.1,3503,3027,%1.67679,41.1022968,28.0114577,2,40,307,1068,2032,2743
,824,Balaban,Silivri,16.2,3426,2988,%1.65518,41.0798383,28.0813497,2,40,303,1054,2005,2707
,825,Gazitepe,Silivri,3.7,2806,1293,%0.71625,41.128601,28.323416,1,17,131,456,868,1172
,826,Kadıköy,Silivri,4.3,1074,1483,%0.82150,41.136646,28.363672,1,20,150,523,995,1344
,830,Büyük Çavuşlu,Silivri,1.4,667,3299,%1.82746,41.23843,28.060543,2,44,334,1164,2214,2989
,837,Beyciler,Silivri,2.8,377,1434,%0.79435,41.235941,28.115909,1,19,145,506,962,1299
,839,Büyük Kılıçlı,Silivri,26.4,253,1159,%0.64202,41.163228,28.190187,1,15,117,409,778,1050
,856,Fener,Silivri,8.4,228,1528,%0.84642,41.1504819,28.236966,1,20,155,539,1026,1385
,866,Yolçatı,Silivri,26.1,94.8,373,%0.20662,41.132469,28.127191,0,5,38,132,250,338
,876,Çeltik,Silivri,,,1011,%0.56004,41.1086064,28.1163693,1,13,102,357,679,916
,880,Akören,Silivri,0.22,96576,1274,%0.70572,41.1961748,28.3362078,1,17,129,450,855,1154
,881,Danamandıra,Silivri,0.34,79421,1109,%0.61432,41.307926,28.242407,1,15,112,391,744,1005
,883,Küçük Kılıçlı,Silivri,0.38,75658,275,%0.15233,41.1319035,28.2052914,0,4,28,97,185,249
,886,Alipaşa,Silivri,0.16,69744,954,%0.52846,41.1111131,28.2211333,1,13,97,337,640,864
,888,Küçük Sinekli,Silivri,0.29,69558,156,%0.08642,41.2291727,28.1915768,0,2,16,55,105,141
,901,Büyük Sinekli,Silivri,0.4,69001,338,%0.18723,41.2246766,28.2107625,0,4,34,119,227,306
,902,Seymen,Silivri,0.6,62252,1032,%0.57167,41.1564501,28.1704539,1,14,104,364,693,935
,903,Çayırdere,Silivri,0.66,55980,1204,%0.66695,41.281857,28.144777,1,16,122,425,808,1091
,912,Sayalar,Silivri,0.58,41357,784,%0.43429,41.3165679,28.1741723,1,10,79,277,526,710
,936,Bekirli,Silivri,1.2,19385,201,%0.11134,41.2263051,28.3005466,0,3,20,71,135,182
,938,Kurfallı,Silivri,1.4,17433,463,%0.25648,41.2008973,28.261278,0,6,47,163,311,420
Sultanbeyli,,,,,,329985,,,,51,1026,8499,31819,63611,87783
,292,Ahmet Yesevi,Sultanbeyli,3.2,807,29261,%8.86737,40.9712912,29.2736277,5,91,754,2822,5641,7784
,313,Hamidiye,Sultanbeyli,,,27189,%8.23947,40.9536548,29.285281,4,85,700,2622,5241,7233
,316,Abdurrahmangazi,Sultanbeyli,26,829,29276,%8.87192,40.9687304,29.2605656,5,91,754,2823,5644,7788
,318,Hasanpaşa,Sultanbeyli,23.9,314,17450,%5.28812,40.9681451,29.2501891,3,54,449,1683,3364,4642
,325,Fatih,Sultanbeyli,10,228,21541,%6.52787,40.9583474,29.2745466,3,67,555,2077,4152,5730
,349,Yavuz Selim,Sultanbeyli,12.5,208,19506,%5.91118,40.9493995,29.2784863,3,61,502,1881,3760,5189
,355,Turgutreis,Sultanbeyli,9.2,198,20178,%6.11482,40.9666377,29.2804313,3,63,520,1946,3890,5368
,394,Mehmet Akif,Sultanbeyli,7.1,190,27515,%8.33826,40.9681066,29.2676872,4,86,709,2653,5304,7320
,419,Orhangazi,Sultanbeyli,21.4,116,15748,%4.77234,40.9385546,29.2869718,2,49,406,1519,3036,4189
,436,Mecidiye,Sultanbeyli,18.7,77.4,22972,%6.96153,40.9575291,29.2965736,4,71,592,2215,4428,6111
,490,Necip Fazıl,Sultanbeyli,21.3,76.3,15937,%4.82961,40.9414104,29.2752522,2,50,410,1537,3072,4240
,512,Adil,Sultanbeyli,18.5,76.2,20853,%6.31938,40.9777034,29.2635415,3,65,537,2011,4020,5547
,528,Battalgazi,Sultanbeyli,24.7,75.8,31820,%9.64286,40.978967,29.2699958,5,99,820,3068,6134,8465
,531,Akşemsettin,Sultanbeyli,16.7,65.1,12581,%3.81260,40.9477795,29.2994046,2,39,324,1213,2425,3347
,591,Mimarsinan,Sultanbeyli,20,58.6,18158,%5.50267,40.9670242,29.2671314,3,56,468,1751,3500,4830
Sultangazi,,,,,,528514,,,,52,1019,8291,30574,60473,83051
,34,50. Yıl,Sultangazi,22.9,44.5,72891,%13.79169,41.0898827,28.8701918,7,140,1143,4217,8340,11454
,39,Sultançiftliği,Sultangazi,12.8,43.7,38550,%7.29404,41.1003942,28.8609026,4,74,605,2230,4411,6058
,47,İsmetpaşa,Sultangazi,9.1,40.3,54837,%10.37569,41.1115982,28.8558273,5,106,860,3172,6275,8617
,150,Malkoçoğlu,Sultangazi,9.5,38.8,13328,%2.52179,41.1170126,28.8486379,1,26,209,771,1525,2094
,152,Gazi,Sultangazi,67.6,36.8,34762,%6.57731,41.1032888,28.8976417,3,67,545,2011,3978,5463
,172,Yunusemre,Sultangazi,24,35.4,46999,%8.89267,41.0974478,28.8915429,5,91,737,2719,5378,7385
,178,Esentepe,Sultangazi,16,35.1,63310,%11.97887,41.099194,28.8788559,6,122,993,3662,7244,9949
,196,75. Yıl,Sultangazi,34.8,34.9,32605,%6.16918,41.098314,28.9023051,3,63,511,1886,3731,5124
,226,Uğur Mumcu,Sultangazi,23.3,33.9,41665,%7.88342,41.0968482,28.8651722,4,80,654,2410,4767,6547
,324,Cumhuriyet,Sultangazi,31.8,33.1,14819,%2.80390,41.0874877,28.875977,1,29,232,857,1696,2329
,487,Eski Habibler,Sultangazi,22.1,32.3,7275,%1.37650,41.1222809,28.8438681072508,1,14,114,421,832,1143
,544,Zübeydehanım,Sultangazi,34.9,32.3,32238,%6.09974,41.1043344,28.8614367,3,62,506,1865,3689,5066
,605,Cebeci,Sultangazi,12.1,32.0,60416,%11.43130,41.1233545,28.8797693,6,116,948,3495,6913,9494
,702,Yayla,Sultangazi,24.9,31.0,8076,%1.52806,41.1473319,28.8553226,1,16,127,467,924,1269
,727,Habibler,Sultangazi,26,29.9,6743,%1.27584,41.133188,28.8389168,1,13,106,390,772,1060
Şile,,,,,,35131,,,,92,1847,15278,57120,114076,157350
,630,Hacıkasım,Şile,18.1,19.6,944,%2.68709,41.1785041,29.6095617,2,50,411,1535,3065,4228
,704,Çavuş,Şile,29.1,19.0,8576,%24.41149,41.1633748,29.6075509,23,451,3730,13944,27848,38412
,725,Ağva,Şile,11.8,18.6,1973,%5.61612,41.1380556,29.8566667,5,104,858,3208,6407,8837
,749,Balibey,Şile,81,18.1,3398,%9.67237,41.1709389,29.6303393,9,179,1478,5525,11034,15219
,756,Meşrutiyet,Şile,46.8,17.5,1636,%4.65686,41.158806,29.562439,4,86,711,2660,5312,7328
,763,Kumbaba,Şile,27.3,13.1,741,%2.10925,41.1660337,29.5811106,2,39,322,1205,2406,3319
,777,Ahmetli,Şile,19.5,12.2,1815,%5.16638,41.1461163,29.5776837,5,95,789,2951,5894,8129
,784,Çayırbaşı,Şile,5,11.7,994,%2.82941,41.1508425,29.6496119,3,52,432,1616,3228,4452
,800,Göçe,Şile,171,7.3,724,%2.06086,41.1075199,29.8532203,2,38,315,1177,2351,3243
,836,Kurfallı,Şile,,,247,%0.70308,41.1334679,29.8257038,1,13,107,402,802,1106
,838,Akçakese,Şile,0.41,49963,388,%1.10444,41.1426422,29.7184351,1,20,169,631,1260,1738
,840,Değirmençayırı,Şile,0.86,36666,455,%1.29515,40.9780211,29.662076,1,24,198,740,1477,2038
,842,Doğancılı,Şile,0.93,31683,756,%2.15195,41.1924768,29.4395032,2,40,329,1229,2455,3386
,843,Kadıköy,Şile,0.47,27033,159,%0.45259,41.1100862,29.9048117,0,8,69,259,516,712
,851,Satmazlı,Şile,0.65,25633,355,%1.01050,41.12923,29.556829,1,19,154,577,1153,1590
,858,Sahilköy,Şile,0.4,20444,766,%2.18041,41.202164,29.413542,2,40,333,1245,2487,3431
,860,Gökmaşlı,Şile,1.2,19720,188,%0.53514,41.0978412,29.8044893,0,10,82,306,610,842
,864,Karacaköy,Şile,0.87,17822,269,%0.76571,41.1513347,29.7692971,1,14,117,437,873,1205
,878,İmrenli,Şile,0.62,12856,260,%0.74009,41.1462464,29.7390244,1,14,113,423,844,1165
,879,Alacalı,Şile,0.7,12778,515,%1.46594,41.1849522,29.4578513,1,27,224,837,1672,2307
,882,Karamandere,Şile,0.6,12415,324,%0.92226,41.137421,29.590057,1,17,141,527,1052,1451
,884,Kabakoz,Şile,1.2,5696,522,%1.48587,41.1450015,29.6899826,1,27,227,849,1695,2338
,885,İsaköy,Şile,1.4,4560,122,%0.34727,41.1082079,29.8239363,0,6,53,198,396,546
,887,Bıçkıdere,Şile,8.4,2925,265,%0.75432,41.07016,29.474415,1,14,115,431,860,1187
,889,Geredeli,Şile,4.2,2414,574,%1.63388,41.0946643,29.8623048,2,30,250,933,1864,2571
,890,İmrendere,Şile,5.6,1486,264,%0.75147,41.142136,29.598705,1,14,115,429,857,1182
,892,Korucu,Şile,11.2,122,205,%0.58353,41.1229664,29.5681714,1,11,89,333,666,918
,893,Osmanköy,Şile,19.4,110,257,%0.73155,41.081332,29.7308142,1,14,112,418,835,1151
,896,Bozgoca,Şile,9.1,97.2,92.0,%0.26188,41.1415986,29.7752271,0,5,40,150,299,412
,897,Şuayipli,Şile,46.1,88.3,231,%0.65754,41.1338084,29.8020806,1,12,100,376,750,1035
,898,Kızılca,Şile,13,59.1,496,%1.41186,41.155083,29.539887,1,26,216,806,1611,2222
,899,Üvezli,Şile,,,337,%0.95927,41.1145302,29.4449497,1,18,147,548,1094,1509
,906,Bucaklı,Şile,1,46808,305,%0.86818,41.1173765,29.8907955,1,16,133,496,990,1366
,908,Kömürlük,Şile,0.86,43418,211,%0.60061,41.0793676,29.4367685,1,11,92,343,685,945
,909,Yeniköy,Şile,0.7,38219,412,%1.17275,41.1229392,29.6509672,1,22,179,670,1338,1845
,911,Ovacık,Şile,0.81,35812,148,%0.42128,41.1190228,29.6181225,0,8,64,241,481,663
,913,Hasanlı,Şile,0.74,33665,215,%0.61200,41.0180677,29.6648802,1,11,94,350,698,963
,918,Çelebi,Şile,1.1,33633,144,%0.40989,41.095688,29.9058567,0,8,63,234,468,645
,920,Sofular,Şile,0.84,33445,272,%0.77424,41.1727778,29.4941667,1,14,118,442,883,1218
,921,Karabeyli,Şile,0.76,32648,207,%0.58922,41.1053623,29.7340004,1,11,90,337,672,927
,922,Sortullu,Şile,0.43,31846,113,%0.32165,41.0693719,29.7356832,0,6,49,184,367,506
,923,Yazımanayır,Şile,0.77,22985,221,%0.62907,41.0687673,29.6848616,1,12,96,359,718,990
,925,Hacıllı,Şile,0.96,21987,241,%0.68600,41.0459455,29.7690745,1,13,105,392,783,1079
,926,Oruçoğlu,Şile,0.81,21222,334,%0.95073,41.0627778,29.4891667,1,18,145,543,1085,1496
,927,Ulupelit,Şile,0.61,19778,202,%0.57499,41.0872308,29.5148602,1,11,88,328,656,905
,928,Karakiraz,Şile,1,19658,289,%0.82264,41.1786792,29.3490366,1,15,126,470,938,1294
,929,Teke,Şile,0.73,19478,499,%1.42040,41.0676404,29.6626435,1,26,217,811,1620,2235
,932,Göksu,Şile,1.2,19224,306,%0.87103,41.0791484,29.7752569,1,16,133,498,994,1371
,933,Çengilli,Şile,0.55,18301,185,%0.52660,41.004983,29.6714128,0,10,80,301,601,829
,934,Ağaçdere,Şile,1.2,18136,90.0,%0.25618,41.040279,29.706234,0,5,39,146,292,403
,941,Çataklı,Şile,1.6,16653,216,%0.61484,41.0745558,29.7995344,1,11,94,351,701,967
,942,Kalem,Şile,0.92,15604,219,%0.62338,41.0879233,29.8452053,1,12,95,356,711,981
,943,Kurna,Şile,1,15337,146,%0.41559,41.1956776,29.3648221,0,8,63,237,474,654
,944,Erenler,Şile,2,14444,121,%0.34443,41.1174439,29.5663988,0,6,53,197,393,542
,945,Soğullu,Şile,1.6,13538,189,%0.53799,41.0955157,29.8214453,0,10,82,307,614,847
,946,Yaka,Şile,0.99,12777,208,%0.59207,40.991955,29.653442,1,11,90,338,675,932
,947,Yeşilvadi,Şile,1,12552,146,%0.41559,41.1230556,29.4757317,0,8,63,237,474,654
,949,Yaylalı,Şile,1.4,11876,58.0,%0.16510,41.0928824,29.6720497,0,3,25,94,188,260
,951,Kervansaray,Şile,2.2,11834,278,%0.79132,41.072553,29.4532293,1,15,121,452,903,1245
,952,Avcıkoru,Şile,1.3,11420,130,%0.37004,41.1202412,29.4139475,0,7,57,211,422,582
,953,Darlık,Şile,1.8,11369,104,%0.29603,41.042969,29.574676,0,5,45,169,338,466
,954,Esenceli,Şile,1.7,11343,74.0,%0.21064,41.0533333,29.3930556,0,4,32,120,240,331
Şişli,,,,,,274196,,,,49,408,1528,3054,4214,5117
,33,Eskişehir,Şişli,3.9,5182,12164,%4.43624,41.0452366,28.9808521,2,18,68,135,187,227
,40,Feriköy,Şişli,1.6,5154,14630,%5.33560,41.0490846,28.9794103,3,22,82,163,225,273
,46,Bozkurt,Şişli,1.8,1287,10930,%3.98620,41.0498994,28.984135,2,16,61,122,168,204
,53,Duatepe,Şişli,4.2,955,8096,%2.95263,41.0534185,28.9807907,1,12,45,90,124,151
,59,Mahmut Şevket Paşa,Şişli,,,18977,%6.92096,41.0525016,28.965487,3,28,106,211,292,354
,65,Gülbahar,Şişli,0.42,50726,23271,%8.48699,41.072051,29.0000664,4,35,130,259,358,434
,111,Halide Edip Adıvar,Şişli,0.86,42304,17012,%6.20432,41.0616523,28.977054,3,25,95,189,261,317
,118,Yayla,Şişli,0.23,42288,11475,%4.18496,41.0483978,28.9753965,2,17,64,128,176,214
,120,İzzetpaşa,Şişli,0.37,37790,8044,%2.93367,41.0693247,28.9863187,1,12,45,90,124,150
,127,Mecidiyeköy,Şişli,0.89,34506,20219,%7.37392,41.0651758,28.9955189,4,30,113,225,311,377
,161,Kuştepe,Şişli,0.5,34171,15710,%5.72948,41.0719821,28.9909667,3,23,88,175,241,293
,249,Meşrutiyet,Şişli,0.37,33815,7922,%2.88917,41.0544974,28.9909369424085,1,12,44,88,122,148
,254,19 Mayıs,Şişli,0.45,29625,11458,%4.17876,41.0598652,28.9914441,2,17,64,128,176,214
,256,Ergenekon,Şişli,0.34,26039,2684,%0.97886,41.0489803,28.9864057,0,4,15,30,41,50
,258,Fulya,Şişli,0.51,23838,17327,%6.31920,41.0583894,28.9979356,3,26,97,193,266,323
,263,Teşvikiye,Şişli,1.5,22820,11522,%4.20210,41.0519368,28.9966371,2,17,64,128,177,215
,270,Paşa,Şişli,0.52,22111,18698,%6.81921,41.0540318,28.9729118,3,28,104,208,287,349
,302,İnönü,Şişli,0.44,21941,4019,%1.46574,41.0438743,28.9844034,1,6,22,45,62,75
,328,Cumhuriyet,Şişli,0.86,20476,7255,%2.64592,41.0556861,28.9818925,1,11,40,81,112,135
,391,Halaskargazi,Şişli,1.7,20109,1691,%0.61671,41.0514835,28.9888479,0,3,9,19,26,32
,478,Merkez,Şişli,1.1,19536,13654,%4.97965,41.0634057,28.9845271,2,20,76,152,210,255
,514,Halil Rıfat Paşa,Şişli,1.1,19177,4566,%1.66523,41.0575346,28.9687052,1,7,25,51,70,85
,515,Kaptanpaşa,Şişli,0.7,19050,3312,%1.20790,41.0649764,28.9727607,1,5,18,37,51,62
,627,Esentepe,Şişli,1.6,15154,7056,%2.57334,41.0707741,29.0108118,1,10,39,79,108,132
,654,Harbiye,Şişli,1,13231,2504,%0.91322,41.0452381,28.9910139,0,4,14,28,38,47
Tuzla,,,,,,252922,,,,201,2994,18905,56365,96811,125463
,366,Mimarsinan,Tuzla,1.5,12975,24236,%9.58240,40.8341538,29.3615521,19,287,1812,5401,9277,12022
,423,Şifa,Tuzla,1.4,12557,28263,%11.17459,40.8275201,29.3566838,22,335,2113,6299,10818,14020
,459,Yayla,Tuzla,1.6,12166,26839,%10.61157,40.8306571,29.3110728,21,318,2006,5981,10273,13314
,489,İçmeler,Tuzla,1.5,11036,10467,%4.13843,40.8492047,29.3050492,8,124,782,2333,4006,5192
,557,Aydıntepe,Tuzla,1.7,8608,23998,%9.48830,40.8532761,29.2976839,19,284,1794,5348,9186,11904
,632,Cami,Tuzla,1.8,7833,5260,%2.07969,40.8158799,29.305366,4,62,393,1172,2013,2609
,635,İstasyon,Tuzla,1.7,5084,19935,%7.88188,40.81146115,29.3602714749981,16,236,1490,4443,7631,9889
,642,Postane,Tuzla,1.1,5010,19574,%7.73914,40.8168594,29.2980277,16,232,1463,4362,7492,9710
,645,Evliya Çelebi,Tuzla,2.4,4482,10861,%4.29421,40.8425924,29.2984572,9,129,812,2420,4157,5388
,649,Aydınlı,Tuzla,0.73,3126,55493,%21.94076,40.8672273,29.3280673,44,657,4148,12367,21241,27527
,674,Orta,Tuzla,1.5,2899,10387,%4.10680,40.9023308,29.3780319,8,123,776,2315,3976,5152
,729,Mescit,Tuzla,1.2,1399,4612,%1.82349,40.8957914,29.3539285,4,55,345,1028,1765,2288
,747,Anadolu,Tuzla,,,905,%0.35782,40.9068494,29.375089,1,11,68,202,346,449
,767,Fatih,Tuzla,0.23,4181,1045,%0.41317,40.9298616,29.3433999,1,12,78,233,400,518
,781,Tepeören,Tuzla,5.1,1669,6673,%2.63836,40.9092783,29.3898302,5,79,499,1487,2554,3310
,787,Orhanlı,Tuzla,1.8,1124,1903,%0.75241,40.8941812,29.3569093,2,23,142,424,728,944
,813,Akfırat,Tuzla,5.5,622,2471,%0.97698,40.9251836,29.417775,2,29,185,551,946,1226
Ümraniye,,,,,,699897,,,,180,2454,14279,39836,65674,83872
,109,İstiklal,Ümraniye,1.8,407,47160,%6.73813,41.0235391,29.1017524,12,165,962,2684,4425,5651
,134,Çakmak,Ümraniye,6.5,280,37323,%5.33264,41.0142622,29.1284385,10,131,761,2124,3502,4473
,162,Esenevler,Ümraniye,4.1,244,26864,%3.83828,41.0121877,29.0922465,7,94,548,1529,2521,3219
,180,Namık Kemal,Ümraniye,5.6,129,28849,%4.12189,41.0211006,29.0919519,7,101,589,1642,2707,3457
,192,Mehmet Akif,Ümraniye,4.8,51.8,24911,%3.55924,41.0074656,29.1379873,6,87,508,1418,2337,2985
,193,Armağanevler,Ümraniye,7.6,51.0,37444,%5.34993,41.0181477,29.1155959,10,131,764,2131,3514,4487
,194,Altınşehir,Ümraniye,9.2,49.7,28231,%4.03359,41.0139675,29.1425432,7,99,576,1607,2649,3383
,201,Atatürk,Ümraniye,15.5,48.9,24740,%3.53481,41.0252686,29.0920104,6,87,505,1408,2321,2965
,207,Tepeüstü,Ümraniye,3.3,47.6,13593,%1.94214,41.0168089,29.1313643,3,48,277,774,1275,1629
,283,Adem Yavuz,Ümraniye,8.3,42.8,17630,%2.51894,41.0197375,29.1555922,5,62,360,1003,1654,2113
,299,Atakent,Ümraniye,19.9,38.5,21146,%3.02130,41.0207119,29.1087352,5,74,431,1204,1984,2534
,309,Kâzım Karabekir,Ümraniye,5.2,36.2,17257,%2.46565,41.0391546,29.1025666,4,61,352,982,1619,2068
,332,Huzur,Ümraniye,7.8,34.7,12001,%1.71468,41.0264688,29.1612731,3,42,245,683,1126,1438
,335,Tatlısu,Ümraniye,8.7,29.8,20041,%2.86342,41.0042368,29.1339637,5,70,409,1141,1881,2402
,339,Yamanevler,Ümraniye,17.4,29.6,14190,%2.02744,41.0262888,29.1017527,4,50,289,808,1332,1700
,346,Çamlık,Ümraniye,11.5,28.2,22420,%3.20333,41.0032611,29.1243347,6,79,457,1276,2104,2687
,363,Tantavi,Ümraniye,18.7,27.9,10002,%1.42907,41.0305352,29.0870195,3,35,204,569,939,1199
,365,Elmalıkent,Ümraniye,4.4,27.8,22176,%3.16847,41.0352657,29.0977305,6,78,452,1262,2081,2657
,392,Necip Fazıl,Ümraniye,9.7,27.4,27002,%3.85800,41.0175067,29.1752803,7,95,551,1537,2534,3236
,411,Madenler,Ümraniye,21.2,27.1,14327,%2.04702,41.012306,29.1870471,4,50,292,815,1344,1717
,413,Parseller,Ümraniye,10.1,26.1,15373,%2.19647,41.0256947,29.1569065,4,54,314,875,1443,1842
,430,İnkılap,Ümraniye,8.5,24.2,29569,%4.22476,41.0330664,29.1058909,8,104,603,1683,2775,3543
,445,Cemil Meriç,Ümraniye,10.8,23.8,22094,%3.15675,41.0200554,29.1425904,6,77,451,1258,2073,2648
,458,Aşağıdudullu,Ümraniye,4.1,22.5,12611,%1.80184,41.0256362,29.0963049,3,44,257,718,1183,1511
,465,Dumlupınar,Ümraniye,10.4,22.1,13076,%1.86827,41.0490461,29.094224,3,46,267,744,1227,1567
,484,Ihlamurkuyu,Ümraniye,23.1,21.5,16308,%2.33006,41.0191243,29.1351889,4,57,333,928,1530,1954
,486,Site,Ümraniye,16,21.1,25779,%3.68326,41.0096545,29.1174872,7,90,526,1467,2419,3089
,492,Topağacı,Ümraniye,16,19.1,14977,%2.13989,41.0476467,29.1014982,4,53,306,852,1405,1795
,493,Yukarıdudullu,Ümraniye,11.2,18.9,20295,%2.89971,41.0110683,29.1525726,5,71,414,1155,1904,2432
,495,Esenşehir,Ümraniye,22.1,18.7,19317,%2.75998,41.0088277,29.1672835,5,68,394,1099,1813,2315
,580,Şerifali,Ümraniye,8.1,18.3,8460,%1.20875,41.0004717,29.1458001,2,30,173,482,794,1014
,614,Esenkent,Ümraniye,11.8,18.1,19953,%2.85085,41.0052155,29.1830041,5,70,407,1136,1872,2391
,615,Hekimbaşı,Ümraniye,8.3,17.3,8495,%1.21375,41.0595591,29.0979066,2,30,173,484,797,1018
,715,Saray,Ümraniye,15.8,17.2,2307,%0.32962,41.0322672,29.1126782,1,8,47,131,216,276
,736,Fatih Sultan Mehmet,Ümraniye,12.1,17.0,3976,%0.56808,41.0249644,29.1225993,1,14,81,226,373,476
Üsküdar,,,,,,533570,,,,140,1993,12084,34854,58641,75426
,88,Valide-i Atik,Üsküdar,13.3,16.6,21519,%4.03302,41.0184789,29.0270247,6,80,487,1406,2365,3042
,138,Cumhuriyet,Üsküdar,15.1,15.9,36237,%6.79142,41.0108797,29.0807595,9,135,821,2367,3983,5123
,139,Ahmediye,Üsküdar,22.1,15.1,9520,%1.78421,41.0184904,29.0164388,2,36,216,622,1046,1346
,165,Murat Reis,Üsküdar,14.2,14.3,14161,%2.65401,41.0226184,29.0259466,4,53,321,925,1556,2002
,185,Bulgurlu,Üsküdar,20.8,13.9,30753,%5.76363,41.0162865,29.0762576,8,115,696,2009,3380,4347
,188,İcadiye,Üsküdar,35.9,13.9,17160,%3.21607,41.0286073,29.0341185,4,64,389,1121,1886,2426
,191,Zeynep Kamil,Üsküdar,22.8,13.4,12559,%2.35377,41.0150982,29.0213844,3,47,284,820,1380,1775
,222,Selami Ali,Üsküdar,14,13.2,13245,%2.48234,41.0255088,29.0290779,3,49,300,865,1456,1872
,257,Aziz Mahmud Hüdayi,Üsküdar,6.8,13.2,8880,%1.66426,41.0222438,29.014274,2,33,201,580,976,1255
,276,Mimar Sinan,Üsküdar,18.5,11.7,12077,%2.26343,41.0236072,29.0184136,3,45,274,789,1327,1707
,286,Ünalan,Üsküdar,19.5,11.2,34162,%6.40253,40.9980939,29.0600259,9,128,774,2232,3754,4829
,298,Sultantepe,Üsküdar,13.2,11.0,11452,%2.14630,41.0288368,29.0217813,3,43,259,748,1259,1619
,301,Salacak,Üsküdar,11,11.0,9545,%1.78889,41.01663,29.011821,3,36,216,623,1049,1349
,319,Küplüce,Üsküdar,17.4,10.9,17542,%3.28767,41.0349394,29.0565056,5,66,397,1146,1928,2480
,327,Yavuztürk,Üsküdar,19.7,10.6,34355,%6.43871,41.0412375,29.0849274,9,128,778,2244,3776,4856
,338,Mehmet Akif Ersoy,Üsküdar,16.1,9.1,20960,%3.92826,41.0413151,29.0717135,5,78,475,1369,2304,2963
,348,Ferah,Üsküdar,7.7,7.6,20482,%3.83867,41.0329956,29.0724337,5,77,464,1338,2251,2895
,352,Kirazlıtepe,Üsküdar,38.5,7.2,13296,%2.49189,41.0391608,29.0615628,3,50,301,869,1461,1880
,417,Acıbadem,Üsküdar,20.1,6.5,24747,%4.63800,41.0062328,29.0528941,6,92,560,1617,2720,3498
,448,Güzeltepe,Üsküdar,17.7,5.9,13438,%2.51851,41.0498613,29.0699376,4,50,304,878,1477,1900
,449,Bahçelievler,Üsküdar,15.2,4.9,21240,%3.98073,41.0533837,29.0797099,6,79,481,1387,2334,3003
,452,Kısıklı,Üsküdar,,,19659,%3.68443,41.0223146,29.0622021,5,73,445,1284,2161,2779
,464,Barbaros,Üsküdar,0.18,66149,18139,%3.39955,41.0126978,29.031529,5,68,411,1185,1994,2564
,475,Küçüksu,Üsküdar,0.23,62279,19655,%3.68368,41.065641,29.0709346,5,73,445,1284,2160,2778
,507,Burhaniye,Üsküdar,0.18,60565,16929,%3.17278,41.0287204,29.0527669,4,63,383,1106,1861,2393
,554,Çengelköy,Üsküdar,0.14,58547,14298,%2.67969,41.051034,29.0599829,4,53,324,934,1571,2021
,565,Altunizade,Üsküdar,0.33,56769,13886,%2.60247,41.0219096,29.0483828,4,52,314,907,1526,1963
,616,Selimiye,Üsküdar,0.42,55818,8658,%1.62265,41.0058418,29.0177481,2,32,196,566,952,1224
,618,Beylerbeyi,Üsküdar,0.36,46677,5749,%1.07746,41.0417926,29.0465456,2,21,130,376,632,813
,628,Küçük Çamlıca,Üsküdar,0.25,46084,10917,%2.04603,41.0139574,29.060337,3,41,247,713,1200,1543
,658,Kuleli,Üsküdar,0.18,45505,2280,%0.42731,41.0592832,29.0589129,1,9,52,149,251,322
,669,Kuzguncuk,Üsküdar,0.46,44410,4358,%0.81676,41.03216,29.0360265,1,16,99,285,479,616
,709,Kandilli,Üsküdar,0.41,38260,1712,%0.32086,41.0726098,29.0576991,0,6,39,112,188,242
Zeytinburnu,,,,,,287378,,,,406,6350,41951,129799,228252,298441
,1,Yeşiltepe,Zeytinburnu,0.44,26284,21679,%7.54372,40.9912492,28.902307,31,479,3165,9792,17219,22514
,12,Nuripaşa,Zeytinburnu,0.1,26103,27283,%9.49377,40.9881236,28.9025258,39,603,3983,12323,21670,28333
,14,Çırpıcı,Zeytinburnu,0.67,25700,29022,%10.09889,41.0002245,28.8962437,41,641,4237,13108,23051,30139
,21,Yenidoğan,Zeytinburnu,0.45,25431,10884,%3.78735,40.9882534,28.9047039,15,240,1589,4916,8645,11303
,22,Gökalp,Zeytinburnu,0.75,24804,19959,%6.94521,40.9934935,28.9054676,28,441,2914,9015,15853,20727
,25,Veliefendi,Zeytinburnu,0.18,21793,27737,%9.65175,40.9959417,28.8978934,39,613,4049,12528,22030,28805
,41,Telsiz,Zeytinburnu,0.36,19941,37515,%13.05424,40.9994553,28.9121132,53,829,5476,16944,29797,38959
,64,Sümer,Zeytinburnu,0.1,16748,36848,%12.82214,40.9864053,28.8954719,52,814,5379,16643,29267,38267
,146,Beştelsiz,Zeytinburnu,1.1,12072,23926,%8.32562,40.9994868,28.9045024,34,529,3493,10807,19003,24847
,341,Seyitnizam,Zeytinburnu,0.43,10724,24113,%8.39069,41.0064945,28.9089333,34,533,3520,10891,19152,25041
,378,Merkezefendi,Zeytinburnu,0.31,10690,23742,%8.26159,41.014371,28.9189855,34,525,3466,10724,18857,24656
,734,Kazlıçeşme,Zeytinburnu,1.6,4514,2078,%0.72309,40.9926732,28.9168903,3,46,303,939,1650,2158
,744,Maltepe,Zeytinburnu,0.77,3247,2592,%0.90195,41.0277775,28.9096922,4,57,378,1171,2059,2692